abandon	3.98
abat-jour	2.22
abattoir	2.43
abbé	2.08
abdomen	3.29
abeille	4.12
abîme	2.43
aboiement	3.00
abondance	3.72
abonné	3.81
abonnement	4.02
abricot	2.86
abstinence	3.12
abstraction	3.01
abus	4.09
académie	4.06
accélérateur	3.57
accent	4.95
acceptation	4.11
accès	4.68
accession	2.70
accessoire	4.69
accident	5.00
accord	4.79
accordéon	2.60
accouplement	3.30
accroc	2.47
accusation	3.91
accusé	4.32
achat	4.91
acide	3.97
acier	3.44
acquisition	3.36
acte	4.26
acteur	4.73
action	5.08
activation	3.91
actualité	4.91
adage	1.50
adaptation	4.09
adhésion	2.87
adieu	3.76
adjectif	4.38
adjoint	3.94
administrateur	3.95
administration	4.54
admiration	3.87
admission	4.80
adolescente	5.02
adoption	4.12
adresse	5.75
adverbe	3.88
adversaire	4.11
aéroport	4.48
affection	4.43
affichage	4.12
affirmation	4.09
affluence	2.25
affolement	2.65
âge	5.95
agenda	5.19
agente	3.69
agilité	3.38
agitation	3.69
agneau	3.18
agonie	2.76
agrafeuse	3.26
agressivité	4.06
agriculteur	3.77
agriculture	3.77
agrumes	3.08
aide	5.65
aïeul	1.72
aigle	3.18
aigre	2.57
ail	4.27
aile	4.05
aimant	3.73
aisance	2.50
ajout	3.84
ajustage	2.58
album	4.65
alerte	4.19
algèbre	3.55
alibi	2.42
alignement	3.56
aliment	4.63
alimentation	4.53
allée	3.95
allégresse	2.26
alligator	2.79
allocution	2.32
allure	3.87
allusion	3.19
altitude	3.44
amande	4.19
amante	2.44
amas	2.08
amateur	3.87
ambassadeur	3.61
ambiance	4.04
ambiguïté	3.30
ambulance	4.51
âme	4.22
aménagement	3.28
amende	4.10
amertume	2.27
amnésie	3.12
amortisseur	2.50
ampère	2.34
ampleur	3.65
amplificateur	2.08
amplitude	3.52
ampoule	4.04
analogie	3.37
ananas	4.12
anarchie	2.66
anatomie	3.74
ancêtre	3.46
âne	2.80
angle	4.38
angoisse	3.66
anguille	2.20
animation	3.87
anneau	3.83
année	5.60
annexe	3.93
annonce	5.08
annuaire	3.95
antichambre	1.69
anticipation	3.62
antipathie	2.73
antithèse	2.66
antre	1.60
anxiété	4.39
aorte	2.23
aperçu	4.44
apéritif	3.43
aphrodisiaque	2.34
aplomb	2.14
apogée	2.38
appareil	4.81
appartement	5.88
appât	2.50
appel	5.52
appétit	5.23
application	4.33
apport	2.81
appréciation	4.15
apprentissage	4.61
approche	4.61
appui	4.35
aptitude	3.77
aquarelle	2.63
araignée	4.56
arbalète	1.37
arbre	5.45
arbuste	3.19
arc	3.22
archer	2.13
archet	2.09
archipel	1.91
architecture	3.52
ardeur	2.70
arène	2.47
arête	3.41
argile	2.94
argot	1.72
argument	4.93
armistice	2.08
armoire	4.74
armure	3.13
arôme	3.18
arrivée	5.34
arrosoir	3.27
arsenal	2.04
artère	3.61
artichaut	2.26
articulation	4.01
artillerie	2.20
artisan	3.00
ascension	2.94
asile	2.74
aspect	4.45
asperge	3.52
asphalte	3.62
aspirateur	4.55
aspiration	3.43
aspirine	4.52
assaut	2.60
assemblée	3.77
assiette	5.54
assistanat	3.41
assistance	4.02
assistant	4.50
association	4.51
astronaute	3.27
astuce	2.74
atmosphère	4.02
atome	3.55
atout	3.40
âtre	1.53
attachement	4.23
attaque	4.53
atteinte	4.02
attelage	2.39
attendrissement	2.34
attirance	3.88
attraction	4.35
attrape	4.47
attribut	3.35
attribution	3.33
aubergine	2.43
audace	2.94
audience	4.00
audition	4.08
auge	1.66
augmentation	4.77
augure	1.88
aune	1.20
aura	2.75
aurore	2.94
auteure	4.11
automate	2.30
automobile	5.09
autonomie	4.32
autorisation	4.19
autruche	2.76
auvent	1.92
avalanche	3.27
avant	6.08
avantage	5.01
avatar	1.66
avenir	5.23
avenue	4.40
averse	2.85
avertissement	4.51
aveu	2.98
avion	4.83
aviron	2.52
avis	4.41
avoine	3.58
avortement	4.02
avril	5.34
axe	3.27
azote	2.77
babillard	3.45
bactérie	4.48
bagage	4.26
bagarre	3.23
bagatelle	2.26
bagnole	2.45
bague	4.80
bail	3.11
bain	5.56
baiser	5.01
balade	3.22
balai	4.40
balance	4.44
balançoire	3.68
balcon	4.38
baleine	3.42
balise	1.89
balle	4.78
ballet	3.61
ballon	4.49
baluchon	2.08
bambin	2.14
bambou	2.79
banane	5.16
bande	3.77
bandelette	2.19
banderole	2.71
banjo	2.43
banlieue	3.52
bannière	3.09
banque	5.41
banquet	3.43
baptême	3.55
baraque	2.41
barbe	4.33
barbecue	4.73
barbelé	2.20
barbiche	2.36
barge	1.79
baril	2.77
baron	1.85
baronne	1.92
barque	2.46
barrage	3.47
barrette	3.78
barricade	2.90
barrière	4.08
bascule	2.87
basket-ball	4.74
basse	3.68
bassine	2.00
bataille	4.44
bataillon	2.63
bateau	4.63
bâtisse	4.16
bâtonnet	3.40
battant	2.83
baume	2.77
bavure	2.22
bazar	2.25
bec	4.84
bedon	3.50
bègue	1.91
beignet	2.61
belette	2.08
belge	2.83
bélier	3.04
belvédère	2.07
bémol	2.62
bénéfice	4.20
benne	1.43
béquille	3.30
béret	2.35
berge	1.91
besogne	2.20
bestiole	2.56
bêtise	3.52
béton	3.45
betterave	3.23
beurre	5.62
biais	3.60
biberon	2.95
bible	3.86
biche	2.48
bicyclette	4.69
bidon	2.26
bien-être	4.85
bienfait	3.70
bigoudi	2.26
bijouterie	3.56
bijoutière	2.75
binette	1.87
biographie	4.15
biscotte	1.85
bise	2.63
bisou	4.26
blague	5.13
blaireau	1.79
blanc	5.61
blason	1.81
blatte	1.47
blé	4.18
blessé	4.42
blessure	4.25
blette	1.67
bleuet	4.14
blocage	3.58
blouse	4.19
blouson	2.95
boa	2.07
bobine	2.83
boeuf	4.54
bois	4.83
boîtier	2.95
bombarde	2.48
bombe	4.02
bon	6.21
bonbon	5.21
bonbonne	2.64
bond	2.84
bonheur	5.31
bonne	5.70
bonté	3.66
bonze	1.55
boomerang	2.59
bordée	2.75
bordereau	2.14
bordure	3.52
borne	2.58
bosquet	1.67
bottin	3.30
bottine	3.22
bouche	5.73
bouchée	4.72
boucle	4.11
boudin	2.66
bouge	5.01
bougie	3.67
bouilloire	4.25
boulanger	3.47
boulangerie	3.63
bouleau	3.34
boulet	2.25
boulette	3.38
boulevard	4.79
boulon	1.94
boulot	3.23
bouquet	3.81
bouquineur	1.54
bourde	1.87
bourdon	2.77
bourgeoisie	2.75
bourreau	2.32
bourse	4.62
bouse	1.64
bouseux	1.64
boussole	3.11
bout	4.76
boutade	1.48
boute-en-train	1.88
bouteille	5.69
boutique	4.57
bouton	5.13
boutonnière	2.33
boyau	2.68
braise	2.91
branchage	2.51
branche	4.45
bras	5.47
brasier	2.18
bravoure	2.62
bretelle	3.19
bribe	2.08
brigade	2.72
brigadière	2.65
brindille	2.59
brioche	3.05
brique	3.82
brise	4.04
brocanteur	1.56
broche	3.51
brochet	2.73
brochette	3.59
brochure	3.62
brocoli	4.66
broderie	2.72
brosse	5.19
brosse à dents	6.05
brouette	3.18
brouillon	4.48
broussaille	2.30
bru	2.38
bruine	2.37
bruit	5.59
brûleur	3.16
brûlure	4.20
brutalité	3.31
buanderie	2.97
bûcher	2.80
budget	4.81
buée	2.93
bulbe	2.95
bulle	3.94
bureau	5.46
burin	1.17
butin	2.29
butor	1.54
buveur	3.61
cabale	1.63
cabanon	2.25
cabinet	3.88
câblage	2.61
cabriolet	1.90
cacahuète	2.22
cachalot	1.78
cachette	3.93
cachot	2.11
cactus	3.05
caddie	1.58
cadenas	4.50
cadran	4.40
cadre	4.37
cafard	2.15
café	5.91
cage	4.02
cahier	5.04
caïman	1.52
caissière	4.94
calanque	1.32
calcification	1.84
calcul	4.88
cale	1.90
calèche	2.19
caleçon	3.13
calepin	3.20
calibre	3.13
calmar	2.20
calme	5.12
calomnie	1.77
calorie	5.01
calotte	2.69
calumet	1.88
camarade	3.52
cambriolage	3.08
caméléon	2.59
camion	5.33
camionnette	3.02
camisole	3.95
camp	4.35
campagne	4.36
camping	4.47
canapé	2.78
canard	3.66
canari	2.51
cancer	5.15
candeur	1.70
candidat	3.97
candidature	3.59
cane	3.40
canette	4.84
caniche	2.93
canif	2.98
canoë	2.94
canon	3.08
cantatrice	1.65
cantine	3.65
cantique	2.17
canton	2.44
capacité	4.37
cape	2.69
capital	4.56
capitale	4.88
capot	2.55
caprice	3.16
capsule	3.31
captivité	2.97
capture	3.22
capuche	3.19
capuchon	4.09
carabine	2.86
caractéristique	5.05
carafe	1.98
caramel	4.33
carapace	2.54
carat	2.09
caravane	2.42
caravelle	1.67
carburant	2.97
carburateur	2.68
carcan	1.53
carcasse	2.43
cardiogramme	2.05
carence	2.68
caresse	5.07
cargo	2.36
caribou	2.96
caricature	3.54
carie	3.74
carillon	1.98
carnaval	3.69
carotte	4.97
carpette	2.04
carquois	1.23
carré	4.79
carrefour	3.09
carrière	4.86
carriole	1.85
carrosse	3.11
cartable	5.02
cartouche	3.48
cas	5.36
cascade	3.20
cascadeur	2.63
caserne	2.84
casino	4.45
casque	4.47
cassette	4.51
caste	2.33
castor	3.47
cataclysme	2.02
catalogue	4.45
catapulte	2.02
catastrophe	4.04
catégorie	4.58
cauchemar	4.68
causalité	3.27
cause	5.27
cavalerie	2.25
cave	4.50
caverne	3.25
cavité	3.23
cèdre	3.16
ceinture	4.88
céleri	4.87
cellule	4.12
cène	1.69
cens	2.76
cent	5.13
centaure	1.59
centre	5.36
cèpe	1.28
cerceau	3.16
cercueil	3.38
cérémonie	4.11
cerf	2.90
cerise	4.04
cerisier	2.64
cerne	3.08
certitude	3.85
chacal	1.77
chagrin	3.41
chair	3.47
chaise	6.02
châle	2.36
chalet	4.50
chaloupe	2.69
chambre	6.20
chameau	2.76
champ	4.51
champignon	4.48
champion	4.22
championnat	3.51
chance	5.42
chandail	5.44
chanteuse	5.05
chantier	3.22
chaos	2.95
chapeau	5.02
chapelle	3.28
chaperon	2.78
chapiteau	2.28
chapitre	5.41
charabia	1.83
charité	3.94
charme	4.34
charnière	2.07
charpente	2.59
charte	3.67
châsse	2.45
chaste	2.38
chat	5.52
châtaigne	1.97
château	3.72
châtiment	2.87
chaton	4.20
chaudron	3.81
chauffage	4.77
chaussette	3.67
chausson	3.00
chaussure	4.63
chauve	3.61
chauve-souris	2.91
chauvinisme	1.56
cheminée	4.12
chemisier	2.85
chenille	3.04
cheptel	1.48
chéquier	2.44
cheval	4.18
chevelure	3.38
cheveu	5.40
cheville	4.17
chèvre	3.29
chevreau	2.36
chewing-gum	2.72
chien	5.86
chignon	2.46
chinoiserie	1.83
chirurgien	3.79
choc	4.68
choeur	2.84
choléra	1.90
chômage	4.36
chose	6.08
chronique	3.62
chronomètre	3.48
ciel	5.84
cigare	3.65
cigarette	5.33
cigogne	2.57
ciment	3.72
cimetière	3.90
cintre	2.69
circonstance	4.48
circulation	4.55
cirrhose	1.48
ciseaux	4.98
citadelle	2.19
citation	4.61
citerne	2.40
citoyen	4.79
citoyenne	4.14
citron	4.12
citrouille	3.52
civière	2.65
civilisation	4.15
civisme	2.81
clafoutis	1.29
clairière	2.65
clairon	1.57
clarification	3.47
clarté	4.11
classement	3.95
classification	3.63
claustrophobie	2.59
clavecin	1.49
clé	5.62
clebs	1.17
clef	5.22
clémence	2.43
clenche	1.92
clic	3.44
cliché	3.74
client	5.16
cliente	4.97
clientèle	4.56
climatiseur	3.22
clinique	4.56
clique	3.62
clivage	2.09
cloche	4.16
clocher	2.86
clochette	2.72
cloison	1.79
clôture	4.36
clou	3.88
cobra	2.60
cocaïne	3.69
coccinelle	3.30
cochon	4.00
cocotte	3.63
cocotte-minute	1.55
cocu	1.94
codage	2.91
coffre-fort	3.00
coffret	3.19
cognac	3.37
cohérence	3.56
cohue	1.52
coiffure	4.48
coïncidence	4.47
coing	1.26
colibri	2.65
colique	2.38
collaborateur	3.61
collaboration	4.12
collage	3.34
collant	4.33
collection	4.37
collectivité	3.83
collègue	4.54
collet	3.45
colline	3.68
collision	3.69
colloque	3.34
colombe	3.09
colonie	3.50
colorant	3.67
colza	1.24
combinaison	4.00
combustion	2.95
comédie	4.79
comète	2.73
comité	4.06
commande	4.43
commandement	3.51
commencement	4.47
commerçant	3.48
commerce	4.43
commère	2.53
commissaire	2.95
commission	4.23
commode	3.37
communauté	4.62
communiqué	4.16
communisme	3.56
compagnie	4.84
comparaison	4.85
compas	2.83
compatible	3.80
compensateur	2.51
compère	1.71
compétence	4.63
complaisance	2.15
complément	4.30
complet	5.16
complexe	4.68
complexité	3.59
complication	4.09
complicité	3.70
compliment	4.98
complot	2.88
composant	3.61
composante	4.09
composé	4.45
composition	4.25
compote	3.47
compréhension	4.58
compromis	4.09
comptabilité	3.93
comptable	3.84
compte	5.00
comptine	2.23
comptoir	4.98
comté	3.05
comtesse	2.40
concentration	5.13
concept	4.73
conception	3.86
concombre	4.35
concurrence	3.52
concurrent	3.38
condition	4.83
conduit	4.51
conduite	4.59
conférence	4.43
confession	3.78
confiance	5.08
confidence	4.36
configuration	3.80
confirmation	4.37
confiture	4.34
confrère	2.92
confusion	4.31
congé	5.36
congrès	3.61
conjoint	4.41
conjoncture	2.07
conjugaison	3.88
conne	3.43
connexion	4.39
conquête	3.37
conscience	4.00
conseiller	4.41
consentement	3.52
conséquence	5.02
conservation	4.01
conserve	4.16
considération	4.19
consigne	3.91
consolation	3.77
consommateur	4.36
consommation	4.52
constitution	3.94
constructeur	3.87
construction	4.61
consultant	3.68
consultation	4.14
conte	3.84
contemplation	2.68
contenant	4.47
content	5.54
continence	2.41
continuité	3.77
contour	3.94
contraception	4.40
contradiction	3.94
contrainte	3.54
contrariété	2.68
contraste	4.02
contrat	4.54
contrepoison	1.82
contribution	3.90
contrôle	4.78
convenance	2.91
convention	3.62
conversion	3.50
conviction	3.59
convoi	2.26
coopération	4.54
coordination	4.09
coordonnée	4.33
copeau	2.07
copinage	2.25
coq	3.36
coque	2.52
coquillage	3.33
coquille	3.38
cor	1.75
corbeille	3.11
cordée	2.52
cordon	3.72
corne	3.15
corneille	3.59
cornemuse	1.69
cornet	3.72
cornichon	3.80
corporation	3.56
corps	5.58
corpulence	2.26
correction	4.52
correspondance	3.69
correspondant	3.95
corrida	1.43
corridor	4.64
cortège	2.00
corvée	3.35
cosse	1.59
costume	4.32
cotation	2.64
côte	4.51
côté	5.36
coteau	2.32
cotisation	3.20
coton	4.54
cou	4.93
couard	1.27
couche	4.40
coucher	6.12
coude	4.25
couffin	1.63
couleur	5.61
couleuvre	2.92
coupe	4.30
couple	5.54
couplet	3.23
coupon	4.48
coupure	4.09
courage	4.81
courbature	2.56
courbure	3.05
courgette	2.47
couronne	3.43
courroie	2.59
cousin	4.59
coût	5.25
couteau	5.42
coutume	4.02
couture	3.80
couturier	3.16
couvent	2.97
couvercle	4.77
couvert	4.65
coyote	2.66
crabe	3.21
crainte	4.06
crampon	2.36
crâne	3.97
crapaud	3.04
craque	4.31
craquement	3.41
cratère	2.34
cravate	4.01
crayon	5.45
créature	4.02
crédit	5.14
crème	5.02
créole	2.38
crêpe	4.43
crépuscule	2.46
crête	2.49
crevaison	3.13
crevasse	2.47
crevé	3.70
crevette	4.02
crinière	2.44
critère	4.61
critique	4.77
croc	2.27
croche-pied	1.55
crocodile	3.16
crosse	2.43
croupe	1.97
croyance	4.56
cruauté	3.55
cruche	3.00
crudité	3.38
crypte	1.80
cube	4.20
cueillette	3.23
cuillère	5.73
cuir	4.35
cuisine	6.20
cuisinière	4.14
cuisse	5.14
cuisson	4.44
culot	2.83
culture	5.00
cumul	1.93
curseur	3.21
cuvée	2.22
cycliste	3.81
cyclone	2.38
cylindre	3.14
cymbale	2.29
daltonisme	2.90
damier	1.90
dance	5.05
danseur	4.43
dauphin	3.55
dé	3.58
débâcle	1.78
débat	4.62
débile	3.21
débit	4.43
débouché	3.58
débris	3.38
début	5.36
décalage	3.40
décembre	5.63
déception	3.64
décès	4.26
décharge	3.26
déchet	4.80
décimètre	2.80
décision	5.28
déclaration	4.11
déclic	2.69
déclin	3.41
décollage	3.60
décoration	4.55
découverte	4.55
décrépitude	1.69
décret	2.04
déesse	2.73
défi	4.76
défiance	3.01
déficit	3.77
défilé	3.83
définition	5.26
dégaine	1.66
dégât	4.40
dégel	3.54
dégoût	3.80
déguisement	3.76
déité	1.47
déjeuner	5.91
délai	3.80
délégation	3.26
délégué	3.18
délicatesse	2.91
délire	3.35
délit	3.49
délivrance	3.16
déluge	2.88
demande	5.90
démarche	4.16
démêlage	2.76
demeure	3.97
déminage	1.70
démocratie	4.47
démolition	3.23
démon	3.48
dent	5.53
dentelle	3.50
département	5.19
dépense	5.12
dépit	2.93
dépliant	3.70
dépôt	4.47
dépotoir	3.23
député	3.63
dérision	2.21
derme	2.23
dernier	5.38
derrière	5.48
désarroi	2.44
désastre	4.20
description	5.05
déséquilibre	3.80
désillusion	2.75
désir	4.95
dessein	2.52
destin	4.36
destination	4.36
destinée	3.77
destruction	4.23
détection	3.90
détente	4.13
détermination	4.29
détonateur	2.25
détonation	2.48
détour	4.26
détresse	3.33
deuil	3.73
devant	5.23
développement	5.11
déviation	3.08
devin	2.22
devinette	3.23
devis	1.97
devise	3.19
dévoilement	3.16
devoir	6.01
dévotion	2.90
dextérité	2.51
diagnostic	3.94
diagonale	3.62
diapason	1.81
diapositive	3.72
dictaphone	1.50
dictature	3.36
dictée	3.94
diction	2.61
dicton	2.45
dièdre	1.19
diesel	3.66
difficulté	5.29
diffusion	3.98
digestion	4.38
dignité	3.59
dilemme	3.90
diligence	2.21
dilution	2.79
dimanche	6.14
diminutif	2.41
dinde	3.97
dindon	3.20
dîner	5.81
dînette	2.12
dinosaure	2.93
diplôme	5.05
direction	5.05
directive	4.47
disciple	3.02
discipline	4.33
discorde	2.55
discrétion	3.56
discussion	4.94
disparition	4.30
disparu	4.72
dispensaire	2.07
disponibilité	4.80
dispositif	3.04
disposition	3.73
dispute	4.18
disque	5.05
disquette	5.02
dissertation	4.58
distance	5.01
distinction	3.78
distorsion	3.13
distraction	4.06
distribution	3.98
diva	2.81
diversité	4.32
divinité	2.77
division	4.40
divorce	4.72
dix	5.54
docteur	5.51
doctrine	3.06
document	5.22
documentaire	4.34
documentation	4.36
doigt	5.51
doigté	3.16
dol	1.55
dollar	5.84
dom	1.49
domicile	3.90
domination	3.64
domino	2.91
dompteur	2.20
doré	3.69
dortoir	2.70
dosage	3.09
double	4.95
douceur	4.30
douche	5.80
douille	2.38
douillette	3.05
douve	1.67
doux	4.86
douze	5.36
dragée	1.81
drapeau	4.47
droit	5.66
dromadaire	2.10
dualisme	2.58
dualité	3.11
duchesse	2.09
dune	2.31
durée	5.00
dureté	3.54
dynamique	3.76
ébullition	3.18
écaille	2.81
écart	3.90
échalote	2.90
échange	4.56
écharpe	3.29
échauffement	3.30
échec	4.62
échelle	4.38
échine	1.68
échiquier	2.22
éclair	4.23
éclairage	4.01
éclaircie	3.44
éclat	3.57
éclatement	3.11
éclosion	2.53
école	6.02
écolier	3.23
économie	5.02
économique	4.69
écorce	3.35
écoute	5.86
écouteur	4.48
écrevisse	2.22
écritoire	1.73
écrivain	3.68
écrou	2.00
écu	1.47
écueil	2.37
écume	2.16
écureuil	3.77
écurie	2.83
écusson	2.40
édifice	4.74
édition	4.37
édredon	1.61
efficacité	4.47
effleurement	2.09
effroi	2.45
égalité	4.36
églantine	1.32
église	4.55
égoïsme	3.58
élaboration	3.58
élan	3.09
élastique	4.87
électrode	2.64
électron	3.30
élégance	3.63
élément	4.78
éléphant	3.59
élève	5.83
élite	3.08
éloge	2.57
éloquence	2.36
émail	2.76
embarras	3.27
embouteillage	3.61
embrochement	1.71
émeraude	2.46
émission	5.47
emmenthal	1.45
émoi	2.24
émotion	5.36
empereur	2.69
empire	3.27
emplacement	3.65
emploi	5.75
employé	5.09
employée	5.27
employeur	4.74
empreinte	3.88
emprunt	4.13
enclos	2.73
enclume	2.01
encre	3.86
encrier	1.95
endive	1.77
enduit	2.40
énergie	5.44
enfant	5.90
enfer	4.34
enflure	3.48
engagement	4.30
engin	3.09
engorgement	2.52
énigme	3.27
enjeu	3.52
ennemi	4.38
ennui	4.66
enrouement	2.00
enseignant	4.93
enseigne	4.52
ensemble	5.22
entaille	2.40
entente	4.56
enthousiasme	3.99
entonnoir	3.43
entrain	3.76
entreprise	4.65
entretien	4.42
entrevue	4.95
enveloppe	4.75
envers	4.21
envoi	3.83
envol	3.27
envoûtement	2.18
enzyme	3.15
épaisseur	4.60
épargne	4.23
épaule	5.10
épave	2.36
épée	2.97
éperon	1.67
épi	2.88
épicerie	5.59
épidémie	3.62
épinards	3.84
épine	3.24
épinette	3.29
épingle	4.05
épisode	4.58
éponge	4.13
épopée	2.40
époque	4.29
épouse	4.66
épouvantail	2.97
époux	4.72
épreuve	4.56
éprouvette	3.26
équerre	2.18
équilibre	4.95
équipage	3.51
équipement	4.75
équitation	3.33
équité	3.34
équivalent	4.11
érable	4.09
erreur	5.28
éruption	3.35
escadrille	1.92
escale	2.61
escalier	5.50
escargot	3.20
esclave	3.79
escompte	2.63
espadon	1.61
espérance	4.18
espion	3.29
esplanade	1.81
espoir	4.70
esquimau	2.86
essai	4.77
essence	4.85
essieu	1.92
essor	2.43
essoufflement	3.25
estime	4.76
étable	3.20
établi	3.66
établissement	4.01
étagère	4.61
étalon	2.71
étamine	1.69
étang	3.11
étape	5.38
été	6.02
étendue	3.88
étincelle	3.47
étoffe	2.08
étoile	4.98
étonnement	3.54
étourderie	1.64
étourdissement	3.53
étranger	4.77
étreinte	2.68
étrier	2.22
étui	3.47
euphorie	2.90
évacuation	3.63
évaluation	4.67
évasion	3.21
éveil	3.84
événement	4.98
éventail	2.95
évêque	2.72
éviction	2.30
évidence	4.15
évier	4.00
exaltation	2.05
excellence	4.77
exception	4.65
excès	4.13
excitabilité	2.60
excitation	4.48
exclamation	3.87
exclusion	3.36
exclusivité	3.60
exécution	3.69
exigence	4.56
exil	2.64
existence	3.80
exotisme	2.77
expansion	3.48
expédition	3.73
expert	4.47
expertise	3.63
exploit	3.94
exploitation	3.88
explosion	4.30
exportation	3.94
exposé	4.07
exposition	4.29
expression	5.18
expulsion	3.66
extase	2.77
extension	3.97
extraction	3.23
extrait	4.13
exubérance	1.91
fable	2.66
fabrication	4.06
facette	3.02
fâcheux	3.32
façon	5.77
facture	5.25
faculté	5.19
faille	2.73
faillite	3.94
faim	5.94
fainéant	1.98
faire-part	2.18
faisan	1.86
faisceau	2.66
faîte	2.73
fakir	1.24
famille	5.94
famine	3.59
fan	3.51
fanfare	2.38
fanion	1.52
fantaisie	3.62
fantôme	3.87
faon	1.83
fard	2.48
fascicule	1.98
faste	1.65
fatalité	3.21
faubourg	1.90
faucon	2.57
faussaire	1.66
faute	5.38
fauve	2.20
faveur	4.37
fécondité	2.68
fédération	3.91
feinte	2.38
femme	6.31
fémur	2.62
fenêtre	5.69
fente	3.26
fer-à-cheval	2.59
fermeté	3.13
fermeture	4.61
ferrailleur	1.74
fertilité	3.45
ferveur	2.36
fesse	5.19
festin	3.01
festival	4.45
fête	5.54
fétiche	2.23
feu	5.09
feuillage	3.25
feuillet	3.27
feuilleton	2.50
février	5.61
fez	1.26
fiabilité	3.75
fiacre	1.17
fiancé	4.33
fiancée	4.54
fiasque	1.70
fibre	4.02
ficelle	3.05
fichier	4.62
fiction	4.08
fidélité	4.23
fief	1.41
fiel	1.43
fiente	1.61
fierté	4.56
figue	2.31
figure	4.88
fil	4.34
fille	6.15
filleul	2.84
film	6.01
filon	1.65
filou	1.62
fils	5.33
fin	5.68
finale	5.01
finance	4.63
financement	4.23
financier	4.08
finesse	2.79
fiole	2.13
fiord	1.54
firmament	2.37
fisc	1.51
fissure	3.07
fiston	2.52
flacon	3.22
flamand	2.14
flambeau	2.80
flambée	2.70
flammèche	2.48
flanc	2.11
flaque	3.27
flasque	2.38
fléau	2.40
flèche	3.91
fléchette	2.25
fleur	5.04
fleuriste	3.77
fleuve	4.15
flic	2.63
flirt	4.25
floraison	2.49
flore	2.61
flottage	2.59
fluidité	3.11
flux	2.87
foi	3.97
foire	3.81
folie	4.50
fonctionnaire	4.08
fondation	3.90
fonte	2.80
force	5.19
forêt	4.78
foreuse	2.02
format	4.51
formule	4.69
forteresse	2.97
forum	3.43
fosse	2.56
fossé	3.08
fossile	2.97
foudre	3.18
fouet	3.30
fougère	2.84
fougue	1.91
fouille	3.60
fouine	2.29
foulard	4.80
foulure	2.42
four	4.80
fourberie	1.59
fourche	2.76
fourchette	5.26
fourmi	3.72
fourneau	4.48
fournisseur	3.63
fourre-tout	1.90
fourrure	4.04
fracas	2.28
fraction	4.02
fracture	4.07
fraîcheur	4.02
framboise	4.08
framboisier	2.51
franchise	3.45
frange	2.05
fraternisation	2.02
frayeur	2.45
frégate	1.48
frêne	2.02
fréquence	4.47
friabilité	1.58
friandise	3.36
fric	2.38
friche	1.84
friction	3.48
frigidaire	5.32
frigidité	2.69
frigo	4.33
frileux	3.86
fringues	2.08
fripe	2.22
frisson	4.46
frissonnement	2.93
froideur	3.27
froissure	2.13
fromage	5.47
fronde	1.97
frottement	3.77
fuel	2.45
fuite	3.50
fumier	3.25
fumiste	1.54
fureur	3.40
furie	2.68
fusée	3.34
fusil	4.09
fusion	3.64
futur	5.38
futuriste	2.55
gâchis	2.50
gaffe	3.62
gaieté	2.91
gain	3.71
gaine	2.54
gala	3.36
galaxie	3.35
galère	2.00
galerie	4.12
galette	3.37
galop	2.41
galopin	1.62
gamelle	2.18
gamin	2.76
gangue	1.50
garage	5.22
garantie	4.67
garce	2.29
garçon	5.87
garde	3.73
garderie	4.45
gardien	4.38
gare	2.97
garniture	3.52
gars	5.97
gâteau	5.09
gâterie	3.77
gaze	2.44
gazelle	2.28
geai	1.92
geisha	1.58
gélatine	2.78
gelée	4.30
gencive	3.62
gendarme	2.72
générateur	3.22
génération	4.58
genèse	2.40
génie	4.43
genou	4.75
genouillère	2.00
gentillesse	4.18
gerbe	1.82
germanisation	1.58
gestation	2.79
gestionnaire	3.72
gibier	2.37
gigot	1.66
gilet	4.59
girafe	3.26
girouette	2.43
gîte	2.23
glacier	3.56
glacière	3.31
glaçon	4.11
glaise	2.55
glaive	1.47
gland	2.68
glande	3.63
glas	1.61
glissade	3.69
glissière	2.14
globe	3.77
globule	3.13
glotte	1.91
goéland	2.74
gonflement	3.13
gorgée	4.61
gorille	3.19
goudron	2.83
gouffre	2.31
gourmet	3.09
goût	5.36
goûter	4.73
gouttelette	2.87
gouvernail	2.13
gouvernante	2.77
gradient	2.74
gradin	2.30
graffiti	3.56
graissage	2.47
grammaire	4.55
grandeur	5.14
grange	3.44
granit	2.45
granule	2.59
graphique	4.65
graphisme	2.84
gratitude	3.53
gravier	2.83
gravité	3.95
gravure	2.87
grec	3.68
grenade	3.06
grenat	1.69
grenouille	3.47
grief	2.60
griffe	3.37
gril	2.84
grill	3.41
grillage	3.32
grille	4.16
grille-pain	4.27
grillon	2.27
grimace	4.00
grog	1.10
grognement	2.97
grondement	3.12
grossesse	4.38
grosseur	4.80
grotte	3.14
groupe	5.50
groupement	3.76
grue	2.16
gruyère	1.94
guerre	5.08
gueule	4.20
guichet	4.65
guidon	2.79
guillemet	3.77
guillotine	2.11
guimauve	3.33
guise	2.35
guitare	5.02
gymnaste	3.07
gynécologie	2.54
habit	4.34
habitacle	1.88
habitation	4.15
habitude	5.09
hache	3.34
hachoir	2.13
haie	3.00
haine	3.93
haleine	4.70
haltère	2.75
hamac	3.12
hamburger	5.12
hameçon	2.87
hanche	3.98
hangar	2.56
harcèlement	4.08
hardes	1.39
harem	1.94
harmonica	2.68
harmonie	3.91
harnais	2.34
harpe	2.24
hasard	4.65
hâte	5.11
haussement	3.01
hautbois	1.81
hébergement	3.37
hélice	3.01
hémisphère	3.70
herbe	4.45
hérisson	2.36
héritage	3.81
héritier	3.26
hermine	1.68
hernie	2.50
héros	4.22
herse	1.41
hésitation	4.18
hêtre	1.38
heurt	1.90
hibou	3.55
hic	2.22
hiérarchie	3.63
hiéroglyphe	1.61
hindouisme	2.11
hippocampe	2.47
hippopotame	2.66
hirondelle	2.97
histoire	5.22
historienne	2.51
historique	4.00
hochet	2.38
hockey	5.38
homard	3.57
hommage	3.50
honneur	4.38
honte	4.62
hôpital	5.29
hoquet	3.59
horizon	4.15
horloge	5.01
hormone	4.27
horoscope	4.43
horreur	4.31
hostilité	2.95
hotdog	4.64
hotte	1.91
houille	1.36
huard	2.40
hublot	1.95
huée	1.91
huître	2.65
humanité	4.30
humeur	5.39
humiliation	3.76
humilité	3.28
humour	4.90
hune	1.37
hurlement	3.37
hyène	1.70
hypothèse	4.52
iceberg	2.90
identification	4.44
identité	4.88
if	2.15
igloo	2.90
ignominie	1.17
ignorance	4.04
iguane	2.13
illustration	4.18
îlot	2.05
image	5.25
imagerie	3.41
imitation	3.91
immensité	3.15
immeuble	4.29
immobilité	3.21
immuabilité	2.01
impact	4.52
impatience	4.83
implantation	3.25
impossibilité	3.97
impossible	5.31
imposteur	2.90
imposture	2.41
impôt	4.70
impression	4.90
imprimante	5.30
imprimerie	3.69
impuissance	3.55
impulsion	3.59
incendie	3.91
incertitude	3.64
inceste	3.34
incident	3.95
incision	2.77
inclination	3.09
inconnu	4.54
inconvénient	4.19
incorporation	2.95
incrustation	1.92
inculpé	2.63
incursion	2.36
index	4.50
indication	4.11
indice	4.54
indien	3.66
indifférence	3.70
indignation	2.23
individu	5.16
indulgence	2.50
industrie	4.32
inertie	2.61
infarctus	2.44
infection	4.64
infertilité	3.34
infidélité	3.81
infinité	3.60
infirmier	3.79
infirmité	2.67
influence	4.88
influx	3.04
ingénieur	4.11
ingrédient	4.86
initiation	4.14
initiative	4.26
injection	3.73
injure	2.77
innocence	4.15
innovation	3.40
inoccupé	2.90
inquiétude	4.20
inscription	4.84
insecte	4.40
insecticide	2.87
insémination	2.34
insertion	3.58
insistance	3.36
inspecteur	3.62
inspection	3.91
inspiration	4.22
installation	4.11
instant	4.97
instinct	4.30
institut	3.73
instituteur	3.11
instruction	4.50
instrument	4.97
insuline	3.33
insulte	4.71
intégration	3.72
intelligence	5.47
intensité	4.12
interaction	4.19
intérêt	5.18
interlocuteur	2.90
interprétation	4.30
interrogation	4.04
intervalle	4.29
intervenant	3.61
intervention	4.11
intimidation	3.93
intimité	4.59
intrigue	3.54
introduction	4.94
intuition	4.66
invasion	3.30
invention	4.38
inverse	4.19
investissement	4.02
invitation	4.84
invité	5.12
invitée	4.86
ironie	3.79
irruption	3.29
isolement	3.60
issue	3.59
ivoire	2.44
ivresse	2.97
jacquard	1.38
jaguar	3.00
jalon	1.62
jambe	5.40
jambon	4.86
janvier	5.60
jardin	4.45
jardinier	3.29
jargon	2.66
jarre	1.88
javelot	2.04
jazz	3.50
jet	3.37
jetée	3.95
jeton	3.41
jeudi	6.04
jeunesse	4.91
jonction	3.22
joueur	5.18
joueuse	4.23
jouissance	3.41
journal	5.59
journaliste	4.56
joyau	2.26
juillet	5.27
juke-box	2.93
jumelles	3.87
jument	2.71
juré	3.54
juron	2.52
jury	3.60
jus	5.67
justesse	3.66
justice	4.81
justification	4.20
kangourou	2.76
kayak	3.32
képi	1.28
kermesse	1.28
kérosène	2.01
kiosque	3.61
kir	1.17
kiwi	3.95
klaxon	3.50
koala	2.66
krill	1.26
laboratoire	4.68
labyrinthe	3.00
lâcheté	2.79
lacune	2.83
laideur	3.29
laie	1.91
laine	3.92
laitier	3.29
lama	2.26
lambeau	2.34
lame	3.79
lamelle	2.37
lampadaire	3.01
lampe	5.45
lancement	3.90
lance-pierres	1.70
lancer	4.59
landau	1.61
languette	2.25
lanterne	3.09
lapin	3.91
lapsus	2.15
laque	1.54
largeur	4.45
larme	4.84
lassitude	2.30
lasso	2.04
latte	1.87
lauréat	2.49
laurier	3.40
lavabo	5.18
lavage	5.45
leçon	4.95
lecteur	4.54
lecture	5.70
légalité	3.59
légende	4.37
législation	3.29
légume	5.88
lemme	1.28
lenteur	3.22
lentille	3.76
léopard	2.71
lèpre	2.16
lésion	3.37
lettre	5.45
leurre	1.80
levée	4.20
lever	5.08
levier	3.15
lèvre	5.15
lèvres	5.34
levure	3.22
lexique	3.18
lézard	2.90
liage	1.91
liaison	3.88
libellule	3.08
libération	3.54
liberté	4.92
libraire	3.21
licorne	2.57
liège	2.86
lien	5.05
lierre	1.50
lièvre	3.02
ligament	3.26
ligne	5.30
lilas	3.11
limace	2.21
limande	1.38
limite	5.14
limonade	4.11
limousine	3.47
lingerie	4.13
linguistique	3.63
lion	3.57
lionceau	1.91
lionne	2.83
liqueur	4.90
liquide	5.02
lisière	2.09
lit	6.08
litière	3.25
livre	6.28
livret	3.27
local	5.11
location	4.31
locomotive	2.76
locution	2.34
logement	4.70
logiciel	4.36
logis	3.15
loin	5.95
loisir	4.69
longueur	4.81
losange	2.93
lotion	4.10
louange	2.43
loup	3.67
loutre	1.92
louveteau	2.01
loyauté	3.55
loyer	4.70
lubie	1.25
lubrifiant	3.54
lubrification	3.70
lucarne	1.82
lucidité	2.84
luge	2.83
lumière	6.38
lunch	5.19
lundi	6.16
lune	5.36
lunette	5.33
lunettes	5.84
luth	1.44
lutin	3.07
lutte	3.76
lutteur	2.80
lynx	2.56
lyrisme	1.80
macaron	3.25
macaroni	4.94
machine	5.19
maçon	2.11
magasin	5.92
magazine	5.18
magie	4.09
magnétophone	2.51
maille	2.72
maillet	1.94
maillon	2.36
main	6.15
mainmise	1.75
maintien	4.22
mairie	2.81
maïs	4.19
maison	6.43
maisonnette	2.24
maîtrise	4.48
majesté	3.00
majorité	4.94
malade	5.75
maladie	5.54
maladresse	2.75
malaise	3.79
malentendu	4.18
malheur	4.58
malice	2.97
malle	2.63
mallette	2.55
maman	6.32
mamelle	2.06
mamelon	3.48
mammouth	2.05
mandat	3.58
mandoline	2.13
manège	3.45
manette	3.75
manie	3.69
manifestation	4.04
manivelle	2.20
manoeuvre	3.51
manoir	2.94
manuel	4.73
mappemonde	1.65
maquillage	5.04
maracas	2.02
marais	2.42
marathon	3.52
marcassin	1.57
marchandise	4.01
marché	5.04
mardi	5.74
marécage	2.50
maréchal	1.40
marée	3.03
marelle	2.08
margarine	5.02
marguerite	3.61
mari	5.18
mariage	5.15
marine	3.26
marmelade	2.77
marmite	3.36
marmotte	3.11
marquis	2.08
marron	2.50
marteau	4.12
massage	4.79
masse	4.35
massif	3.30
matelas	4.80
matériau	3.91
matinée	3.98
matou	2.64
matrice	2.81
maturité	4.16
mécanique	4.12
méchanceté	3.52
médaille	3.97
médaillon	3.01
médecin	5.36
médecine	5.09
médiante	2.34
méditation	3.65
méduse	2.16
méfait	2.88
méfiance	3.63
mégot	2.09
mélancolie	2.80
mélange	4.94
mélangeur	3.24
mélasse	3.20
mélèze	1.68
melon	3.65
menace	4.32
ménage	5.04
menhir	1.44
menotte	2.97
mensonge	4.53
mention	3.61
menton	4.27
menu	5.01
mépris	3.09
mer	4.41
merci	6.45
mercredi	6.06
merde	5.01
merisier	2.05
mérite	4.31
merle	2.04
merveille	4.11
mésange	2.08
mésaventure	2.68
mésencéphale	1.86
message	5.52
mesure	4.63
métabolisme	3.81
métaphore	3.30
météo	5.43
méthode	5.08
meuglement	1.50
meunier	1.95
meute	2.18
microbe	4.21
microscope	3.56
midi	6.14
miel	4.25
migration	3.78
milieu	5.50
militaire	3.85
mille	4.84
minéral	3.20
ministère	4.37
ministre	4.43
minorité	4.31
minuit	5.76
miracle	4.43
mirage	2.91
miroir	5.43
mission	4.28
missionnaire	3.09
mite	2.34
mitraillette	2.54
mitrailleuse	2.47
mixage	2.98
mixité	2.29
mobile	4.11
mobilier	2.91
mobilisation	3.50
modalité	3.25
mode	5.25
modestie	2.63
modification	4.53
module	3.72
moelle	3.22
moi	6.17
moine	2.60
moisson	2.23
molaire	3.23
molécule	3.84
mollet	3.61
mollusque	2.30
momie	2.72
monarchie	3.22
monastère	2.39
moniteur	3.98
monnaie	4.92
monologue	3.44
monopole	3.30
montage	3.81
montagne	4.79
montant	4.93
monte-pente	2.41
montgolfière	3.20
monticule	2.10
montre	5.32
monture	2.62
monument	3.55
moquette	2.22
moral	4.61
morale	4.41
moralité	3.77
morceau	5.09
morosité	1.95
mors	1.90
morsure	2.54
mort	5.47
mortier	2.19
morue	2.67
mot	6.12
motard	3.02
motel	4.09
moteur	4.77
motif	3.79
motion	3.38
motivation	4.55
moto	3.84
motte	2.13
mouche	4.76
moucheron	2.09
mouette	3.52
moule	3.20
moulin	3.02
moulinet	1.91
moulure	2.55
mousquetaire	2.47
mousse	4.06
moustache	4.02
moustique	3.81
mouton	3.38
mouvement	5.01
moyen	5.41
moyenne	5.40
moyeu	1.39
muguet	2.02
mulet	1.80
mulot	2.27
multiple	4.12
multiplication	4.07
multitude	3.91
municipalité	4.16
mur	5.07
muraille	2.78
mûre	3.63
muret	1.87
murmure	3.22
musaraigne	1.19
musc	1.23
museau	3.08
musée	4.27
muselière	1.87
musicien	4.52
mutation	3.15
mutisme	2.12
mycose	1.40
myope	3.05
mystère	4.28
mythe	3.52
nage	4.05
nageur	3.61
nain	3.12
naïveté	3.23
narration	3.20
nasillement	1.46
nation	4.18
natte	2.09
naufrage	2.71
navet	3.18
navette	3.26
navigateur	3.44
navigation	3.27
navire	3.50
néant	2.34
nécessité	4.33
nef	1.23
négatif	5.48
négation	3.31
négociation	3.97
nerf	4.86
nervosité	3.97
netteté	3.01
neutralité	3.08
neveu	3.97
niais	1.97
niche	2.77
nicotine	4.13
nid	3.63
niveau	4.95
noblesse	2.67
noce	3.59
noeud	4.32
noir	5.78
noisette	3.65
noix	4.18
nombril	4.29
nonne	1.71
norme	4.52
notion	4.19
nougat	1.86
nourrisson	2.94
nourriture	5.59
nouveauté	4.76
nouvelle	6.05
novembre	5.38
noyau	4.26
nu	4.79
nuage	5.15
nue	4.60
nuitée	2.15
nul	4.00
numéro	5.76
nylon	3.56
oasis	2.76
obéissance	3.50
objectif	5.21
objection	4.00
objectivité	3.81
objet	5.88
obligation	4.52
obscénité	2.65
obscurcissement	1.60
obscurité	3.67
observation	5.04
obsession	4.34
obstacle	4.65
obus	2.00
occasion	4.80
océan	4.56
octave	2.59
octet	2.43
octobre	5.47
octroi	1.95
odeur	5.06
odorat	3.68
oedème	1.77
oeil	5.78
oestrogène	3.35
oeuf	5.59
offense	3.86
officier	3.67
oie	2.66
oignon	4.91
oiseau	4.74
olfaction	1.64
olive	4.25
olivier	2.79
ombrage	3.61
ombre	4.31
oncle	5.18
onctuosité	1.61
ongle	4.90
onguent	3.11
opéra	3.37
opérateur	3.72
opercule	1.25
opinion	5.44
opportunité	4.47
opposition	4.43
optimisme	3.91
or	4.63
orange	5.61
orchestre	3.50
ordinaire	5.34
ordinateur	6.42
ordonnance	3.36
ordre	5.02
ordure	3.61
oreiller	5.58
organisateur	4.23
organisation	5.01
organisme	4.91
orgue	2.70
orgueil	3.73
orientation	4.59
orifice	2.50
origine	4.81
ornement	2.90
ornière	1.78
ornithorynque	1.33
orteil	5.00
orthographe	4.55
ossature	2.31
osselet	2.22
otage	2.76
ouate	3.11
oubli	4.98
ouragan	3.52
ourlet	1.56
ourson	3.23
outil	4.70
ouverture	4.69
ouvrage	4.34
ovule	3.54
oxygénation	2.15
pacotille	1.57
page	3.43
paiement	4.90
paille	4.00
paillis	1.46
pain	6.01
palace	2.31
palais	3.21
pâleur	2.62
palier	2.80
palissade	1.84
palme	2.73
palmier	2.86
panache	2.47
panda	2.61
panneau	3.76
panthère	2.63
pantoufle	4.77
paon	1.81
papa	6.09
pape	3.68
papillon	4.04
paquet	4.41
parachute	3.55
parade	3.66
paradoxe	3.31
paragraphe	5.00
paramètre	3.44
parapluie	4.54
parasite	3.28
parasol	3.22
paratonnerre	1.68
parc	4.92
parcours	4.09
pardon	4.64
pare-chocs	2.76
pareil	5.02
parenté	4.63
parenthèse	4.30
paresse	4.38
paresseux	5.01
parfum	5.09
pari	3.52
parlement	4.73
parloir	2.02
parodie	2.65
paroi	3.37
partage	4.88
partenaire	4.70
partenariat	3.36
parterre	3.80
parti	4.91
participant	5.05
participation	5.04
participe	4.78
partie	5.62
passage	4.37
passager	4.57
passant	3.71
passeport	4.34
passion	4.56
passoire	3.39
pastèque	1.87
pastille	3.54
patate	5.43
pâté	4.15
patience	4.71
patient	5.05
patin	4.74
patinage	4.27
pâtisserie	3.67
pâtre	1.69
patrie	2.75
patrimoine	3.37
patron	4.69
patrouille	3.33
patte	4.56
paume	3.72
paupière	4.09
pavillon	3.98
paysan	3.22
pêcheur	3.80
pédalo	2.81
peigne	4.85
peine	5.53
peintre	3.68
pelage	2.54
pélican	2.69
pelle	4.14
pelote	1.98
peloton	2.08
pelouse	3.87
pelure	3.72
pelvis	2.48
penchant	3.47
pendentif	2.65
pendule	2.95
pénétration	4.18
péniche	1.76
péninsule	2.52
pénitencier	2.81
pension	3.77
pensionnat	2.80
pénurie	3.00
pépin	3.16
pépinière	2.50
perception	4.33
perchoir	2.14
perdrix	2.51
perfection	4.77
performance	4.68
perfusion	2.29
péril	2.84
périphérie	2.97
permanence	3.85
permis	5.20
permission	4.68
perron	3.06
perroquet	3.33
perruche	2.94
perruque	3.16
persil	3.46
personnalité	5.31
personne	6.35
perspective	4.29
peste	3.29
pétale	3.65
pétard	3.11
petit	5.95
pétition	4.11
pétrole	4.59
phalange	2.05
phantasme	3.12
philatélie	1.27
phobie	4.02
photo	5.71
photographie	4.73
pianiste	3.55
piano	4.61
pichet	3.61
pied	5.57
piège	4.31
pierre	4.57
piété	1.97
pif	2.12
pige	3.23
pignon	2.49
pilier	2.52
pillage	2.48
pilon	2.61
pilote	4.14
pilule	5.44
piment	4.69
pin	3.08
pinceau	3.84
pincée	3.54
pingouin	3.08
ping-pong	3.08
pinson	2.41
pinte	3.08
piolet	1.48
pion	2.52
pipe	3.87
piquant	4.46
piquet	2.92
piqûre	4.18
piratage	3.06
pirate	3.39
pirouette	3.08
pissenlit	3.52
pistolet	2.73
piston	3.04
pitié	4.64
pizza	5.53
pizzeria	4.00
place	5.88
placement	4.08
plagiat	4.48
plaine	3.29
plaisanterie	3.25
planification	4.16
plaque	4.02
plaquette	2.97
plastique	5.51
platane	1.45
plénitude	2.26
pleur	4.76
pleurs	4.29
plomb	3.26
plongeon	3.41
plongeur	3.50
pluie	5.50
plumage	2.63
plume	4.68
pluriel	4.83
pochette	3.36
poésie	4.18
poignard	3.04
poignée	4.46
poinçon	2.33
poing	4.08
pointage	3.62
pointe	4.29
pointure	3.31
poire	4.48
poireau	2.70
poison	3.85
poisson	4.93
poitrine	4.59
poivre	4.88
poivron	3.46
polissage	2.40
polisseuse	2.23
politesse	4.30
politique	5.33
pollen	3.26
pollution	5.41
polyvalence	2.43
pomme	5.48
pomme de terre	4.20
pommette	2.63
pompon	3.41
poney	2.70
pont-levis	1.68
population	5.33
porc	4.27
porche	3.12
portail	2.61
porte	5.97
portée	3.75
porteur	3.44
portier	2.85
portion	4.45
portrait	4.51
pose	4.11
position	5.13
possibilité	5.05
possible	5.68
poste	4.85
potage	3.32
potager	2.68
poterie	2.94
potin	3.06
potiron	1.54
pou	3.19
pouding	4.11
poudre	4.19
pouf	2.66
poulailler	2.80
poulain	2.43
poule	4.26
poulet	5.22
poulie	2.68
poulpe	1.67
poumon	4.52
poupon	2.53
pourboire	4.52
pourcentage	5.33
poursuite	3.78
poussée	4.00
poussette	3.00
poussin	3.45
poutre	2.79
pouvoir	5.25
prairie	3.69
praline	2.21
préavis	2.66
précaution	3.90
précepte	2.52
précipité	3.47
précis	4.55
précision	4.37
prédicat	2.38
prédiction	4.18
préface	3.30
préférence	4.56
préfet	2.30
préjugé	4.29
prélude	2.51
premier	5.68
prémisse	2.85
prénommé	2.81
préoccupation	3.68
préparation	4.40
préposition	3.70
présent	5.19
présentation	4.84
présentoir	2.63
président	5.07
pressentiment	3.44
pression	4.57
prestation	2.97
prestige	3.41
prétention	3.44
prétexte	3.55
preuve	4.87
prévention	4.40
prière	4.25
princesse	3.94
principe	4.80
priorité	4.76
privilège	4.19
prix	5.77
probabilité	4.66
procédé	4.26
procédure	4.23
procès	4.13
procession	2.98
processus	4.43
procréation	2.69
procureur	3.30
producteur	4.04
production	4.66
produit	5.27
professeur	5.77
professeure	5.49
profil	4.31
programmation	3.79
progrès	4.66
progression	3.73
projectile	2.84
projection	4.01
promesse	4.65
promotion	4.34
pronom	4.09
propagande	3.34
prophète	2.94
proportion	4.20
propos	4.59
proposition	4.59
propre	5.51
propriétaire	4.70
propulseur	2.15
protestation	3.93
protocole	3.36
prototype	2.71
proverbe	3.84
province	5.33
provision	3.58
proximité	3.54
prude	1.95
prudence	4.12
prune	3.02
pruneau	2.98
prunier	2.18
puberté	4.27
publication	4.13
pudeur	2.69
puissance	4.54
puits	2.95
pull-over	2.33
pulsion	3.54
punition	4.65
pupille	3.94
pupitre	4.55
purée	3.50
purgatoire	2.09
pus	2.98
puzzle	3.50
pylône	1.91
pyramide	3.51
python	2.15
quadrupède	1.90
qualification	4.19
qualité	5.20
quantité	5.15
querelle	2.78
question	6.18
quille	3.34
quota	3.12
rabâchage	1.76
rabais	4.64
rabot	1.64
rachat	1.98
racine	4.13
raclée	2.47
radeau	2.20
radio	5.63
radioguidage	1.42
rafale	2.48
ragoût	3.37
raid	2.26
raideur	2.87
raie	2.33
rail	2.80
raisin	4.43
raison	5.59
rallye	2.29
rame	3.19
rameau	2.59
rançon	2.59
rancune	3.06
randonnée	3.66
rappel	4.73
rapport	5.01
rapt	1.19
rareté	3.43
rasage	3.91
rasoir	4.75
rat	3.95
râteau	3.09
ration	2.66
raton	2.69
ravage	3.06
ravin	2.26
rayon	4.15
rayure	3.09
réaction	4.76
réalisation	4.33
réalisme	3.77
réalité	5.23
rébellion	3.13
rebond	3.00
recel	1.76
réception	4.22
recette	4.81
recherche	5.27
récipient	3.72
réciprocité	3.00
récit	3.68
réclamation	3.68
récolte	3.61
recommandation	4.29
récompense	4.47
reconnaissance	4.11
recourbure	1.90
recours	3.65
recrue	3.08
recrutement	3.63
recteur	2.93
reçu	5.29
recul	3.84
rédaction	4.05
réduit	4.16
référence	4.41
reflet	4.09
réflexe	4.69
réflexion	4.74
réforme	3.36
refrain	4.07
réfrigérateur	5.18
refuge	3.58
refus	4.09
régal	3.26
régiment	2.83
région	5.15
registre	3.38
réglage	3.04
règlement	5.20
réglementation	3.88
règles	5.48
regret	4.16
rejet	3.97
relais	3.33
relativité	3.39
relaxation	4.58
relevé	4.05
relève	3.62
relief	3.33
religion	4.59
reliure	2.36
remboîtage	1.85
remerciement	4.16
remise	3.97
remords	3.49
remorqueur	2.69
remoulage	1.98
remous	2.21
rempart	2.04
remplacement	4.36
rémunération	3.64
renaissance	3.27
renard	3.37
rencontre	5.15
rendement	4.10
renfort	3.16
renne	2.36
renom	2.19
renseignement	4.81
rentrée	4.61
renvoi	3.52
réparation	4.56
répartition	3.61
repas	5.82
répertoire	3.77
répéteur	2.45
répétition	4.50
répit	3.00
repli	3.12
réplique	3.86
reporter	3.76
repos	5.11
représentant	4.26
reprise	4.26
reproche	4.09
république	3.40
réputation	4.73
requête	3.38
requin	3.55
réseau	4.39
réservation	4.65
réserve	4.46
réservoir	3.56
résidence	5.04
résine	2.74
résolution	4.29
respiration	4.87
ressemblance	4.19
ressort	3.22
ressource	4.63
restaurant	5.80
restauration	3.59
reste	5.54
résumé	5.13
retard	5.11
rétention	3.00
retentissement	2.04
retenue	4.01
rétine	3.16
retour	4.95
retrait	4.16
rétroprojecteur	3.58
rets	1.49
revanche	3.88
réveil	5.34
révélation	3.41
réverbère	1.87
révérence	2.41
rêverie	3.26
révision	4.75
révolte	3.83
révolution	4.13
revolver	2.72
revue	4.88
rhinocéros	2.38
ride	3.95
rideau	5.20
rien	6.22
rigole	3.05
rigueur	3.15
rires	4.98
risée	2.07
rituel	3.09
rival	3.22
rivalité	3.30
rizière	1.35
robinet	4.45
robot	3.98
roche	4.84
rocher	3.69
rôle	4.94
romancier	2.83
romanichel	1.24
romantisme	3.59
rondelle	3.52
rondin	2.07
roquette	2.06
rose	5.05
rosée	3.29
rosette	2.78
rossignol	2.59
rotule	2.64
roue	5.14
rouet	1.78
rougeur	3.73
rouleau	4.13
roulement	3.27
roulotte	3.29
route	5.15
royaume	3.23
ruade	1.53
ruban	3.77
rubis	2.47
rubrique	2.75
ruche	2.28
rudesse	2.83
ruelle	3.13
ruisseau	3.59
rumeur	4.70
rupture	3.53
rythme	4.33
sable	4.19
sablier	2.81
sabotage	2.87
sac	5.70
sachet	3.59
sacoche	4.51
sacrifice	4.13
sadisme	2.24
sagesse	3.92
saisie	3.23
saison	5.09
saisonnier	3.48
salarié	3.29
salière	3.61
salive	4.38
salon	5.73
salut	5.95
salutation	3.27
sanction	3.08
sanctuaire	2.49
sandwich	5.75
sang	5.09
sanglier	2.61
sanglot	2.97
sapin	4.02
sapinière	2.05
sardine	2.69
satellite	4.08
satire	2.34
saucisse	4.51
saucisson	3.16
saule	2.52
saumon	4.27
sauterelle	2.97
sauvage	3.97
savane	2.31
saveur	4.48
sbire	1.07
scalp	1.80
scalpel	2.32
scandale	4.04
scaphandrier	1.30
scarabée	1.97
sceau	3.04
scellage	2.31
scénario	3.81
schéma	4.16
scie	3.38
science	5.36
scientifique	4.76
scission	1.85
scorpion	3.16
scoutisme	1.91
scrupule	2.76
scrutin	2.66
sculpture	3.88
sécateur	1.85
séchage	3.76
sécheresse	3.51
sécheuse	4.87
séchoir	4.61
secours	3.95
secousse	3.54
secret	5.36
secrétaire	4.80
secrétariat	4.27
section	4.59
séducteur	3.38
séduction	4.22
seigneur	3.87
sein	4.88
séjour	3.91
sel	5.52
sélection	4.60
selle	2.65
sellier	2.09
semelle	3.55
semence	2.68
séminaire	3.46
semonce	1.75
sénat	3.47
sénateur	3.81
sens	5.08
sensibilité	4.13
senteur	4.29
sentiment	5.43
sentinelle	2.08
séparation	4.37
sept	5.58
septembre	5.46
séquence	4.02
sérénité	3.04
sérieux	5.04
serin	2.56
seringue	2.94
serment	3.14
sermon	2.76
serpe	1.61
serpent	3.54
serre	3.52
serre-joints	1.59
sérum	2.56
serviteur	3.12
servitude	2.45
session	5.01
sévérité	3.31
sexe	5.72
sextant	1.47
shampooing	5.14
siamois	2.65
sifflement	3.48
signal	4.44
signature	5.31
silencieux	4.52
silhouette	3.73
sillage	2.00
sillon	2.19
silo	2.00
simplicité	3.88
simulation	3.75
sincérité	3.61
singe	3.98
sinistre	3.09
sirène	3.71
sirop	4.57
site	5.05
situation	5.04
six	5.65
skieuse	3.55
snob	3.70
soeurette	2.45
sofa	4.80
soif	5.59
sol	4.37
sole	2.51
soleil	6.13
solidarité	3.81
solidité	3.68
solitaire	4.15
solitude	4.35
solution	5.43
solvabilité	2.18
sombrero	2.08
sommaire	3.52
somme	4.75
sommeil	5.52
sommier	2.01
somnambule	3.00
son	5.52
sonate	1.73
sondage	4.61
songe	3.08
sonnerie	4.41
sonnette	3.43
sonorité	2.98
sorbet	2.94
sorcier	2.95
sorte	5.31
sortie	5.81
sottise	2.48
soucoupe	3.26
soudure	2.81
souffle	4.33
soufflé	3.50
souhait	4.55
soulagement	3.97
soulèvement	3.25
soulier	5.27
soumission	3.68
soupape	1.95
soupçon	3.40
soupe	5.22
soupir	4.00
souplesse	3.04
sourcil	4.60
sourd-muet	2.91
sourire	5.64
souris	4.69
soutane	1.92
soute	2.16
souterrain	3.15
soutien	4.31
souvenirs	5.34
spaghetti	5.36
sparadrap	1.38
spatule	3.90
spécialiste	4.61
spécialité	4.54
spécification	3.83
spécimen	3.18
spectacle	5.15
spectateur	4.25
sperme	4.18
sphinx	2.12
spirale	2.93
splendeur	3.12
spontanéité	3.00
spore	1.97
squelette	3.87
stade	4.26
stage	4.61
stalactite	1.54
standard	4.18
station	4.54
statistique	4.80
stature	2.88
statut	4.31
steak	4.86
stèle	1.59
stéthoscope	2.07
stimulant	3.97
stimulation	4.11
stimulus	4.04
stratégie	4.40
stress	5.91
structure	4.55
studio	3.84
stupéfiant	3.29
stupeur	2.18
stylo	4.80
submersion	2.16
substance	4.45
subvention	3.93
succès	4.94
succession	3.56
sucette	2.75
sucre	5.53
sucrerie	3.54
sucrier	3.15
suédois	2.54
suffixe	2.79
suggestion	4.69
suif	1.71
sujet	5.36
sumo	1.77
supercherie	1.95
supériorité	4.13
supplément	4.19
supplice	2.76
support	4.44
supposition	4.07
surdité	2.98
sûreté	3.33
surplus	4.34
surprise	5.08
sursaut	3.20
surveillance	4.20
survie	4.13
survol	3.74
suspens	3.59
suspension	3.70
syllabe	3.70
symétrie	3.26
sympathie	4.36
syndicat	3.98
synonyme	4.51
synthèse	4.23
tabassée	2.01
tabatière	1.93
table	6.17
tablette	4.73
tabou	3.19
tache	4.88
tact	2.68
talent	5.02
talisman	1.87
talon	4.08
talus	1.57
tambour	3.27
tamis	1.93
tampon	4.47
tam-tam	2.26
tante	5.16
taon	1.77
tapioca	2.25
tapisserie	3.36
tarif	3.86
tartare	2.21
tas	3.83
tasse	5.28
tatou	4.08
taudis	2.11
taupe	2.22
taureau	3.30
taxi	5.16
technicien	4.19
technique	4.93
technologie	5.16
teinte	3.54
tek	1.10
télégramme	2.44
téléphone	6.36
télescope	3.36
téléspectateur	3.33
téléviseur	4.18
témoignage	3.81
tempérament	3.68
température	6.05
tempête	4.98
tempo	2.48
temporalité	2.43
ténacité	2.78
tendance	4.62
tendon	3.28
tendresse	4.05
ténèbres	2.60
tension	4.12
tentacule	2.33
tentation	3.90
tente	4.30
tenue	3.84
terminal	3.45
terminus	3.52
terrasse	3.86
terreur	3.88
terrier	2.81
terrorisme	4.40
testament	3.52
testostérone	3.69
têtard	2.54
tête	6.20
tétine	2.50
thé	4.95
thème	4.47
thermomètre	4.29
thermos	3.41
thermostat	3.66
thyroïde	2.60
tibia	2.73
ticket	4.71
tige	3.60
timbale	2.34
timbre	4.39
timidité	3.75
tintamarre	1.83
tirage	4.12
tirelire	2.40
tiret	3.70
tiroir	4.81
tisane	3.71
tison	2.19
tissage	2.56
titre	5.55
titulaire	3.16
toc	2.37
toiture	3.28
tomate	5.11
tombeau	3.06
tombée	4.39
tome	2.58
ton	4.56
tonique	2.52
tonneau	2.69
tonnerre	3.71
toque	2.37
torche	3.02
torchon	3.07
tornade	3.75
torpeur	2.06
torpille	2.21
torrent	2.45
torsion	2.40
tortue	3.36
torture	3.51
total	5.62
totalité	4.08
totem	2.30
toucan	1.97
toupie	2.75
tourbière	2.36
tourbillon	3.25
tourelle	1.66
tourisme	4.01
tourment	2.79
tournage	3.49
tournant	3.34
tourne-disque	2.58
tournée	4.18
tournesol	3.66
tournevis	3.90
tourniquet	1.91
tournoi	4.22
tourterelle	2.36
toutou	4.55
toux	4.27
tracas	2.62
tracé	3.44
traction	2.94
tradition	4.56
traduction	4.25
trafic	5.40
tragédie	4.05
tragédien	1.70
trahison	3.35
traîne	3.26
traite	3.90
traité	3.80
traitement	4.61
trampoline	3.42
tranchant	3.40
tranchée	3.45
tranquillité	4.44
transaction	4.50
transfert	4.31
transformation	4.43
transistor	1.63
transport	5.11
trappe	3.10
travailleur	4.94
travée	1.91
travers	4.72
traversée	3.76
traversier	3.11
trèfle	3.18
treillis	2.16
tremblement	3.73
trésor	3.73
triage	3.15
triangle	4.33
tribu	3.02
tribunal	3.49
tribune	3.09
tricot	3.01
trimestre	3.95
trio	3.72
triomphe	2.98
tristesse	4.41
trombone	3.94
trompette	3.52
tronc	3.90
trône	2.88
trottinette	2.56
trottoir	4.94
troupeau	3.38
trousse	3.76
truc	4.48
truelle	1.88
tuba	2.31
tube	4.25
tuile	3.56
tulipe	3.62
tumeur	3.77
tumulte	1.57
tunique	2.05
tunnel	4.18
tuque	4.66
turbine	2.30
tympan	3.16
ulcère	2.94
unicité	2.55
uniforme	4.33
union	4.40
unisson	2.51
urgence	5.01
urine	3.70
urne	2.04
usage	4.72
usure	3.00
utilisation	4.66
vacance	5.34
vacances	5.63
vacarme	2.43
vaccin	4.18
vaccination	3.83
vache	4.91
vague	4.01
vague	2.62
vaisseau	3.42
vaisselier	2.41
valeur	5.02
valise	4.34
vallée	3.50
vallon	1.75
vanille	4.26
vanité	2.80
vapeur	4.28
variation	4.03
variété	4.45
vase	3.75
vedette	4.27
végétal	3.93
véhicule	4.69
vélo	4.09
velours	2.98
vendeur	4.72
vendredi	6.01
vengeance	3.86
venin	2.48
ventre	5.37
venue	4.07
ver	3.48
verbe	4.94
verdict	3.33
verge	2.75
verger	2.46
verglas	3.72
vérification	4.22
vérité	4.80
vernis	3.59
vernissage	2.46
verrière	1.81
verrou	2.77
versant	2.56
version	4.32
vertèbre	3.36
vertu	3.13
veste	4.37
vestiaire	4.05
vestibule	2.14
vestige	2.79
veston	3.48
viaduc	2.21
viande	5.69
vice-président	3.94
victime	4.86
victoire	4.23
vidéo	5.45
videur	2.43
vie	6.21
vieillard	4.27
vieillesse	4.37
vigilance	2.77
vigile	2.45
vignette	2.72
vigueur	3.65
villa	2.54
vin	5.05
viol	4.02
violence	5.11
violette	3.19
violon	3.83
vipère	2.05
virage	3.91
virgule	4.56
virilité	2.56
virtuosité	2.25
virulence	1.84
virus	4.86
visage	5.65
viscosité	2.28
visée	3.58
visibilité	4.04
visite	5.27
visiteuse	3.26
vitamine	4.88
vitesse	5.36
vitrail	2.75
vitre	5.18
vocation	2.94
voeu	3.72
voile	3.41
voilette	2.13
voilier	3.20
voisin	5.35
voisinage	3.72
voix	5.26
volaille	2.95
volcan	3.58
volet	2.87
volontaire	4.44
volonté	4.29
volt	2.95
voltage	2.95
volume	5.44
volupté	2.04
voûte	2.01
voyageur	4.30
voyelle	3.88
vue	5.47
vulgarité	3.09
vulve	2.80
wagon	2.84
wok	2.28
yacht	2.02
yak	1.61
yoyo	3.00
yod	1.32
zèbre	2.79
zoo	3.54