a	2.28
abajo	2.96
abandonado	6.06
abandonar	7.58
abandono	7.22
abatimiento	10.02
abdomen	8.64
abecedario	4.86
abeja	4.30
abejas	4.02
abeto	7.66
abierta	4.14
abierto	3.24
abismo	9.30
abnegación	10.80
abogado	8.44
abono	7.80
aborrecimiento	9.96
aborto	9.68
abrasador	9.14
abrazo	2.86
abrigo	3.98
abril	4.86
abrir	3.18
abrumado	9.54
absoluta	8.56
absolutamente	8.84
absoluto	8.92
absorción	8.76
abstracción	10.52
abstracto	9.28
absurdo	8.26
abuela	2.72
abuelo	2.32
abuelos	2.96
abundancia	7.84
abundante	8.00
aburrida	5.08
aburrido	4.82
aburrimiento	5.38
aburrir	5.28
abuso	9.06
acá	5.84
acaba	5.42
acabado	5.40
acaban	5.58
acabar	3.46
acabo	5.46
acabó	5.14
academia	8.04
académico	9.18
acampada	7.16
acantilado	7.86
acaso	7.64
acceder	8.36
accesorio	8.76
accidente	6.50
acción	6.82
acciones	7.12
acecho	9.06
aceite	5.50
aceituna	4.42
acelgas	6.84
acento	7.50
aceptación	8.68
aceptar	6.56
acercar	5.60
acero	7.92
ácido	7.78
acierto	6.48
aclaración	8.86
acogedor	8.06
acompañada	6.00
acompañado	5.36
aconsejar	8.62
acontecimiento	9.20
acordeón	6.78
acordes	8.48
acoso	10.10
acostarse	3.96
acre	10.64
actitud	8.42
activación	9.54
activar	7.42
actividad	5.50
actividades	5.56
acto	8.16
actor	6.44
actores	6.92
actos	7.60
actriz	6.56
actuación	7.10
actual	8.64
actualidad	8.24
actualmente	8.34
actuar	6.40
acuarela	5.72
acuario	6.52
acuerdas	5.72
acuerdo	7.70
acurrucarse	5.56
acusación	8.36
acústica	9.30
adán	6.04
adecuado	8.14
adelante	5.62
adelgazar	7.82
ademán	10.18
además	6.48
adhesión	10.16
adhesiva	6.94
adicto	8.88
adinerado	8.44
adiós	1.74
adivinar	5.78
adjetivo	8.08
administración	9.76
admiración	8.52
admirado	8.82
admirar	8.02
adobado	9.14
adolescencia	8.80
adolescente	8.52
adorable	6.72
adoración	8.30
adornar	5.58
adorno	5.52
adosado	8.72
adquirir	8.44
adquisición	9.84
adulto	6.54
adverbio	8.72
advertencia	7.40
aeroplano	8.66
aeropuerto	6.44
afecta	8.04
afectar	7.98
afecto	8.56
afeitar	6.76
afianzar	10.10
afición	8.54
afilada	6.20
afilado	6.40
afinidad	8.94
afirmación	7.98
aflicción	10.58
afligido	10.04
afortunadamente	8.86
afortunado	7.90
áfrica	7.80
agacharse	4.16
agarrar	4.26
agencia	8.82
agenda	7.66
ágil	7.68
agilidad	8.02
agitación	9.06
aglomeración	10.54
agobiado	8.24
agobio	9.36
agonía	9.68
agosto	4.78
agotamiento	8.26
agradable	7.48
agradecer	5.54
agradecido	7.12
agradecimiento	7.40
agrado	8.16
agrario	8.86
agresión	8.38
agresiva	7.30
agresividad	7.76
agresivo	6.40
agricultor	6.80
agricultura	6.96
agrio	7.06
agrónomo	10.66
agrupación	8.58
agua	1.94
aguanieve	9.04
aguantar	6.14
aguante	8.22
aguardiente	9.84
agudeza	9.78
agudo	8.10
aguijón	7.58
águila	5.22
aguilar	9.30
aguja	4.68
agujero	4.34
agusto	7.58
ahí	3.14
ahogarse	5.28
ahora	4.48
ahorrar	7.12
ahorro	7.98
aire	4.38
ajedrez	6.98
ajo	4.82
al	4.26
alacena	9.10
aladino	6.42
alambre	7.16
alarma	6.20
alas	3.62
alba	8.28
albañil	6.46
albaricoque	6.50
alberto	3.98
albornoz	7.00
alboroto	7.48
alborozo	10.66
álbum	6.40
alcachofa	8.16
alcalde	8.02
alcalina	9.34
alcantarilla	7.18
alcanzar	6.64
alcoba	8.82
alcohol	7.30
alcohólica	9.52
alcohólico	8.18
alcornoque	8.70
alegrar	5.00
alegre	4.84
alegría	4.30
alejar	6.48
alemán	6.92
alemania	6.98
alergia	6.52
alérgica	7.70
alerta	7.02
alférez	10.32
alfiler	5.74
alfombra	4.02
algo	4.40
algodón	5.14
alguien	5.94
alguna	4.60
algunas	5.26
alguno	5.56
algunos	5.40
alianza	8.78
alicante	8.28
alicate	7.70
alicates	7.40
alimentar	5.10
alimento	5.24
alimentos	4.88
alivio	8.02
allá	4.10
allí	3.44
alma	7.16
almacén	7.30
almeja	7.44
almendro	6.82
almíbar	8.24
almirante	9.00
almodóvar	10.76
almohada	4.70
almuerzo	3.94
alquiler	8.84
alrededor	6.50
alta	3.68
alteración	9.12
alterar	8.20
alterne	10.44
altitud	8.52
alto	3.44
altruismo	10.72
altura	5.26
alumbrar	6.88
aluminio	7.82
alumno	5.28
alumnos	5.28
alzheimer	10.00
amabilidad	7.68
amable	5.88
amada	7.67
amado	6.12
amanecer	6.52
amante	8.96
amapola	6.32
amar	6.34
amargo	4.34
amargura	9.22
amarilla	3.28
amarillo	2.50
amatista	10.31
ambición	9.62
ambiente	8.98
ambos	7.54
ambulancia	4.48
amenaza	7.54
amenazar	8.02
ameno	9.82
américa	8.30
americana	8.52
americano	8.04
americanos	7.54
amiga	3.90
amigable	7.72
amigas	3.94
amigo	3.54
amigos	3.68
amistad	6.12
amo	6.70
amor	5.12
amoroso	6.12
amplio	8.18
amplitud	9.30
ampolla	8.46
ana	3.76
anaconda	8.44
análisis	8.55
analizar	8.42
analogía	10.76
anarquía	10.76
anatomía	9.46
ancha	5.56
ancho	5.79
anciano	6.40
ancianos	6.38
ancla	6.08
anda	4.48
andalucía	7.53
andar	3.86
ángel	4.56
anginas	9.30
angora	10.50
anguila	8.68
angustia	8.92
angustiado	7.94
anhelo	9.70
anillo	4.02
anillos	5.08
animado	5.76
animados	4.40
animal	3.24
animales	3.26
animar	6.60
ánimo	7.00
ano	8.50
anoche	4.94
anochecer	6.14
anónima	8.80
anorak	8.30
anorexia	10.08
anormal	8.11
ansia	9.46
ansiedad	9.20
ansioso	8.84
antártida	8.72
ante	7.50
antebrazo	8.56
antecedente	10.00
antena	6.42
anterior	6.32
anteriores	6.98
antes	4.84
antibalas	8.96
anticiclón	9.72
anticipar	9.00
antídoto	8.94
antifaz	6.10
antigua	6.78
antigüedad	7.66
antiguo	7.18
antipatía	8.40
antipático	6.90
antisocial	10.15
antojo	8.32
antonio	4.02
antorcha	8.08
anual	7.98
anudar	7.16
anuncio	5.50
anuncios	6.18
añejo	9.96
añil	8.72
año	3.50
añoranza	9.56
años	2.86
aorta	10.24
apache	8.74
apagar	3.78
aparador	9.78
aparato	6.78
aparcar	5.64
apareamiento	9.62
aparece	5.78
aparición	7.98
apariencia	9.28
apartamento	6.16
aparte	7.38
apatía	10.54
apellido	3.74
apenas	7.78
apertura	8.66
apetece	6.34
apetencia	10.16
apetito	5.96
apio	8.74
aplastado	6.30
aplauso	3.94
aplicación	9.20
aplicado	8.48
aplique	9.60
apodo	8.46
apogeo	10.78
aportación	9.90
apóstol	8.28
apostolado	10.46
apoteosis	10.22
apoyo	7.52
apreciación	9.48
aprecio	8.68
aprender	4.54
aprendido	5.82
aprendiz	7.78
aprendizaje	8.12
aprensión	10.34
apretado	5.34
apretar	4.60
aprobación	7.56
aprobado	5.32
aprobar	5.42
aproximadamente	8.90
aptitud	9.68
apto	8.62
apuntar	6.30
apuntes	8.72
apuros	8.06
aquel	5.10
aquella	5.02
aquellas	5.76
aquello	5.16
aquellos	5.58
aquí	2.82
aquiles	9.66
árabe	8.72
araña	3.32
arañazo	4.36
árbitro	7.56
árbol	2.62
árboles	3.68
arca	6.98
archivador	7.92
arco	6.34
arcón	9.34
arder	6.12
ardiente	8.58
ardilla	3.92
ardor	7.44
área	9.04
arena	3.46
argentina	8.12
argumento	9.40
aristocracia	10.54
aristóteles	10.74
arma	6.44
armadura	5.98
armario	3.84
armas	6.44
armonía	9.00
armónica	7.84
aro	4.86
aroma	7.32
arousal	10.86
arpa	8.00
arqueólogo	9.04
arquetipo	10.78
arquitecto	8.80
arrabal	10.42
arreglar	5.92
arreglo	6.88
arrepentido	5.92
arrepentimiento	8.12
arriba	3.56
arrogante	9.30
arroyo	7.74
arroz	3.68
arruga	6.82
arrugado	4.80
arrugas	6.96
arte	8.18
arteria	9.84
artesanal	8.10
artesano	8.40
ártico	8.38
articulación	8.54
articulaciones	9.38
artículo	8.36
artificial	7.86
artillería	9.70
artista	7.20
artístico	8.54
arzobispo	9.88
as	8.32
asa	7.08
asado	6.62
asaltar	8.22
asalto	8.38
asamblea	9.50
ascendencia	10.10
ascenso	8.88
ascensor	5.66
asco	5.30
asediado	10.80
aseo	5.60
asesinar	7.44
asesinato	7.84
asesino	7.68
asfixiarse	6.96
así	4.80
asiento	5.18
asignatura	6.32
asignaturas	6.10
asistencia	8.38
asistente	8.82
asno	5.16
asociación	8.92
asombrado	6.90
asombrar	7.30
asombro	7.14
asonante	9.71
aspas	8.36
aspecto	7.96
aspectos	8.08
áspero	7.70
asqueado	8.24
asquerosa	6.34
asqueroso	5.78
asta	8.64
astilla	7.58
astro	8.44
astronauta	5.52
astronomía	9.78
astucia	9.42
asturias	8.12
astuto	9.36
asumir	9.24
asuntos	8.16
asustado	3.72
asustar	5.04
atajo	7.46
ataque	7.38
atar	4.44
atardecer	6.64
ataúd	8.02
atenas	9.52
atención	6.24
ateneo	10.68
atento	6.30
aterrorizado	7.50
ático	8.06
atleta	7.30
atlético	8.62
atletismo	7.57
atmósfera	8.68
atmosférico	8.72
atómica	10.06
átomo	10.44
atracador	7.58
atracción	9.02
atraco	7.86
atrapar	5.50
atrás	3.52
atrevido	6.92
atributo	9.90
atrio	10.56
atrocidad	9.94
atún	4.34
audacia	10.24
audaz	9.92
audiencia	9.34
auditivo	8.40
auge	10.54
aula	5.32
aumento	7.50
aunque	6.70
aurora	9.28
ausencia	8.58
ausente	8.50
australia	8.74
auténtica	8.00
auto	5.24
autobús	4.68
autógrafo	8.08
automático	8.40
automóvil	5.38
autónoma	9.72
autor	7.70
autoridad	8.62
autoridades	9.14
autoritario	9.60
autorizar	8.20
auxilio	7.36
avalancha	8.34
avance	8.84
avaricia	9.14
ave	5.02
avenida	6.56
aventura	6.14
aventurera	7.58
avergonzado	7.22
avería	7.68
averiguación	8.94
avestruz	6.24
aviación	8.14
ávila	8.98
avión	3.62
aviso	6.26
avispa	5.44
axila	7.38
ayer	3.94
ayuda	4.70
ayudante	6.38
ayudar	4.54
ayuntamiento	7.92
azafata	6.80
azafrán	8.80
azar	8.46
aznar	10.24
azotea	5.52
azúcar	3.76
azucena	8.02
azufre	9.44
azul	2.78
azulejo	6.68
azules	3.48
bacalao	7.06
bacteria	9.20
bacterias	8.92
badajoz	8.94
bahía	8.58
bailar	4.44
bailarín	4.74
bailarina	3.84
baile	4.34
baja	4.68
bajada	4.78
bajar	4.06
bajo	4.32
bala	6.78
balancín	4.92
balanza	7.96
balas	6.30
balcón	5.30
ballena	4.86
ballester	10.50
ballet	6.12
balón	3.04
baloncesto	5.10
balonmano	7.22
banana	4.94
bancaria	9.78
bancarrota	9.68
banco	6.14
bancos	5.96
banda	6.20
bandeja	5.02
bandera	5.34
bando	8.32
banqueta	6.28
banquete	7.68
bañador	4.56
bañera	3.10
baño	3.66
bar	4.52
baraja	6.88
barandilla	6.36
barata	6.53
barato	6.36
barba	3.36
bárbara	7.74
barbaridad	8.26
barbarie	10.12
barbie	4.16
barbilla	5.12
barca	5.28
barcelona	7.23
barco	3.30
barita	5.76
barítono	10.16
barra	6.72
barraca	10.24
barranco	5.10
barras	5.40
barrer	4.38
barrera	7.64
barricada	8.92
barriga	3.24
barril	6.90
barrio	5.66
barro	4.46
barroco	10.48
barrotes	6.84
báscula	7.62
base	8.04
básico	7.78
basílica	9.14
bastante	6.02
bastantes	6.18
bastardo	9.56
basto	7.20
bastón	4.32
bastoncillo	5.90
basura	3.56
bata	5.48
batalla	7.28
batallón	8.70
bate	7.36
batería	7.20
batido	5.18
batidora	5.84
baúl	6.14
bautismal	8.94
bautizo	5.82
be	3.96
beatriz	4.10
bebé	2.22
beber	2.20
bebida	4.98
bécquer	10.76
beige	8.44
béisbol	7.54
bélgica	8.54
bella	5.24
belleza	6.56
bello	6.36
bendecir	6.97
bendición	7.96
bengala	8.10
berenjena	7.40
berlín	8.91
bermudas	7.48
berrinche	6.32
berza	10.58
besar	3.26
beso	2.50
bestia	5.48
betún	7.54
biblia	6.00
biblioteca	7.40
bíceps	9.32
bicho	2.96
bici	4.02
bicicleta	3.76
bidé	5.12
bien	2.84
bienestar	8.54
bienvenida	7.34
bigote	4.20
bigotes	4.48
bilbao	8.52
billar	7.16
billete	5.30
bimbo	6.98
bingo	8.14
biología	9.38
biológico	9.42
biquini	5.96
bisabuelo	5.50
bisiesto	8.68
blanca	3.54
blancanieves	3.60
blanco	3.08
blancos	3.92
blanda	5.04
blando	4.30
blasfemia	9.48
blasón	10.80
blindada	9.60
bloqueo	8.60
blusa	4.42
blusón	7.88
boa	8.60
bobada	5.86
bobo	3.32
boca	2.34
bocadillo	3.58
bocata	4.86
boceto	9.54
boda	5.04
bodega	7.62
body	7.94
bofetada	4.94
boina	7.10
bola	3.90
bolas	3.94
boli	5.08
bolígrafo	4.24
bolígrafos	4.86
boloñesa	8.06
bolsa	3.36
bolsas	4.36
bolsillo	4.20
bolso	3.94
bomba	6.70
bombear	9.00
bombero	5.06
bombilla	5.04
bombona	6.36
bondad	8.18
bondadosa	8.54
bonita	3.58
bonito	3.86
bono	8.42
bonos	8.84
borde	5.92
boreal	10.16
borrachera	8.86
borracho	7.12
borrar	4.08
borrasca	8.35
borrascosa	10.08
bosque	4.40
bota	3.98
botar	5.40
botas	4.34
bote	5.36
botella	3.66
botica	8.72
botines	6.86
botón	3.36
botones	4.56
bóveda	9.86
boxeador	7.14
boxeo	7.54
bozal	6.32
braga	3.28
bragas	3.02
bramido	10.02
brasil	7.86
brava	8.86
bravo	5.88
bravura	9.78
brazo	3.02
breve	7.82
brevedad	9.30
bricolaje	9.34
brillante	5.18
brillantes	5.42
brillo	6.34
brincar	4.76
brío	10.40
brisa	6.28
brocha	7.06
brócoli	8.44
broma	5.82
bronca	5.96
bronce	7.84
brote	9.76
bruja	3.76
brujas	5.00
brújula	8.22
brutal	8.02
bruto	5.50
buceador	6.38
buen	4.82
buena	4.52
buenas	4.58
bueno	2.82
buenos	3.34
buey	6.06
búfalo	6.76
bufanda	4.80
buhardilla	9.40
búho	5.22
buitre	6.72
bulimia	10.62
bulto	6.08
buque	8.12
burdel	10.42
burgos	8.96
burguesía	10.28
burla	6.24
buró	10.30
burocracia	10.48
burro	3.42
bus	6.14
busca	4.18
buscando	5.48
buscar	4.88
búsqueda	6.52
busto	9.86
butaca	6.56
butano	7.52
buzón	6.04
caballería	8.62
caballero	6.72
caballo	3.42
caballos	3.90
cabaña	6.30
cabe	4.92
cabello	4.54
cabelludo	8.14
cabeza	3.12
cabina	6.46
cable	5.14
cables	5.60
cabo	8.90
cabra	4.36
cabras	4.66
cabreo	6.24
cabrón	6.44
caca	1.92
cacahuete	6.26
cáceres	8.80
cacerola	6.62
cacharro	4.96
cacho	5.20
cachorro	4.28
caco	8.62
cada	4.98
cadáver	8.36
cadáveres	8.82
cadena	6.20
cadera	6.38
cádiz	8.02
cae	4.08
caer	3.22
café	5.20
cafetera	5.38
caída	4.46
caja	3.50
cajas	4.20
cajón	4.24
cajonera	7.68
calabacín	7.22
calabaza	5.86
calamar	6.26
calambre	7.68
calavera	7.48
calcetín	3.34
calcetines	3.54
calculadora	6.66
cálculo	6.58
caldero	3.92
calendario	6.88
calidad	8.38
cálido	7.60
caliente	3.18
calificativo	9.22
callado	4.60
calle	4.04
callejón	7.02
calles	4.92
calma	7.98
calmar	5.54
calor	3.92
calumnia	10.02
calvo	5.78
calzado	4.58
calzoncillos	3.58
calzones	6.32
cama	2.42
cámara	5.26
camarada	9.60
cámaras	5.50
camarero	5.88
cambia	4.78
cambiado	6.10
cambiar	5.32
cambio	6.50
cambios	6.94
cambridge	10.53
camello	4.32
camilla	7.14
caminar	2.84
caminata	6.70
camino	4.50
camión	3.04
camionero	5.38
camisa	3.52
camiseta	2.66
camisón	5.52
campana	4.28
campaña	8.34
campeón	4.60
campeonato	7.18
campesino	6.20
campo	4.48
campos	5.12
can	8.48
canadá	8.90
canal	5.70
canaria	5.06
canarias	5.22
canario	5.60
canasta	5.79
cáncer	9.84
canción	3.40
canciones	3.20
candado	6.28
candidato	8.60
candil	8.80
canela	7.08
cangrejo	5.34
canguelo	10.32
canguro	4.60
canica	4.98
canoa	7.02
canon	10.28
cansado	4.22
cansancio	5.70
canta	3.32
cantabria	9.10
cantábrica	9.15
cantante	5.06
cantar	3.22
cantidad	6.20
canto	5.32
caña	7.42
cañón	7.34
caos	8.80
capa	5.52
capaces	7.76
capacidad	8.94
caparazón	6.82
capaz	6.98
capellán	10.41
capilla	8.04
capital	7.68
capitalismo	10.54
capitán	6.04
capítulo	7.10
capote	9.46
capricho	6.04
capullo	7.46
cara	2.96
caracol	3.38
carácter	8.54
característica	8.00
características	7.96
caramelo	2.70
caravana	6.96
carbón	5.18
carbonara	9.52
carcajada	6.32
cárcel	6.02
cardenal	7.82
carga	7.34
cargo	8.74
caribe	8.66
caricia	5.40
caridad	7.98
caries	6.60
cariño	4.18
cariñoso	4.82
carisma	9.76
carlos	3.70
carmen	3.76
carmín	7.54
carnaval	5.22
carnavales	5.14
carne	4.16
carnosos	8.02
caro	6.90
carpeta	5.20
carpintero	5.66
carrera	5.30
carreras	5.84
carreta	6.04
carretera	4.64
carricoche	7.94
carrito	3.62
carro	4.90
carroña	9.44
carruaje	7.44
carta	5.68
cartas	5.30
cartel	5.64
cartera	4.88
cartero	5.08
cartón	4.70
casa	2.64
casado	6.40
casar	5.18
casarse	5.98
casas	3.16
cascabel	5.58
cascabelera	7.48
cascada	7.24
cáscara	5.14
casco	5.36
caserío	8.50
casero	8.68
caseta	4.42
casi	5.12
casino	8.74
casita	2.84
caso	6.94
casos	7.10
caspa	7.82
casta	10.22
castaña	5.36
castaño	5.80
castañuelas	6.88
castellano	7.40
castidad	9.94
castigar	4.18
castigo	4.86
castilla	8.98
castillo	3.76
casual	9.34
casualidad	8.34
catalán	8.18
catálogo	7.28
cataluña	8.44
catarro	4.70
catástrofe	8.88
catedral	7.02
categoría	8.72
católica	7.52
catolicismo	6.98
católico	6.68
catorce	4.94
cauce	8.90
caudaloso	9.76
caudillo	10.06
causa	7.62
causalidad	10.34
causas	7.82
cautela	9.46
cautiverio	10.60
cayó	4.38
caza	6.60
cazador	6.34
cazadora	7.78
cazar	6.52
cazo	7.08
cazuela	7.46
ce	4.58
cebolla	4.34
cebra	4.26
ceder	8.84
ceja	4.26
celda	8.12
celebración	6.02
celo	7.56
celos	8.33
célula	9.40
cementerio	6.02
cemento	6.40
cena	3.92
cenicero	4.68
cenicienta	3.96
ceniza	6.42
censura	9.90
centímetro	7.76
central	6.72
centro	4.18
centros	6.92
centuria	10.62
centurión	10.16
cepillar	5.10
cepillo	3.66
cera	4.34
cerámica	7.94
cerca	4.20
cercanía	7.62
cercano	5.62
cerdo	3.32
cerdos	4.32
cereal	5.58
cereales	4.66
cerebelo	10.22
cerebral	9.00
cerebro	6.84
ceremonia	8.20
cereza	5.20
cerezas	4.44
cerezo	6.92
cerilla	6.14
cerillas	6.26
cero	3.60
cerrada	4.36
cerrado	4.10
cerradura	5.74
cerrar	3.28
cerrojo	7.18
certeza	10.02
cervantes	9.98
cerveza	7.40
césped	5.78
cesta	4.80
chabola	8.46
chachachá	8.16
chal	9.50
chaleco	5.30
chalet	7.26
champán	7.76
champiñón	6.98
champú	4.34
chancla	5.58
chanclas	6.10
chándal	4.52
chantaje	8.42
chapar	9.36
chaqueta	4.66
chaquetón	6.96
charca	6.62
charco	4.68
charla	7.14
charlar	6.56
chat	10.56
chata	9.12
chaval	7.72
chavales	7.60
checa	9.94
chepa	9.11
cheque	8.92
chica	3.00
chicas	3.82
chicle	4.32
chico	3.46
chicos	3.74
chiflado	5.58
chile	8.80
chillido	4.56
chimenea	5.28
chimpancé	5.38
china	8.18
chincheta	5.10
chino	6.34
chiste	5.66
chita	7.65
chocolate	3.26
chófer	6.48
chopo	8.94
choque	5.10
chorizo	5.30
choza	8.30
christi	8.50
chubasquero	6.14
chucho	3.60
chulo	7.80
chupa	3.76
cibeles	9.70
cicatriz	5.36
ciclismo	7.02
ciclista	6.16
ciclón	8.80
ciega	5.66
ciego	5.22
cielo	3.58
cielos	4.82
ciempiés	5.10
cien	6.14
ciencia	9.06
ciencias	7.88
cieno	10.74
científica	9.50
científico	8.00
ciento	6.16
cierre	5.42
cierta	7.52
ciertas	7.46
cierto	7.42
ciervo	4.56
cifra	6.96
cigarrillo	6.98
cigarro	6.48
cigarros	7.30
cigüeña	4.98
cima	8.18
cimiento	9.90
cimientos	9.00
cinco	3.10
cincuenta	5.80
cine	5.70
cinta	5.53
cintura	5.38
cinturón	5.12
circo	3.72
circonita	10.33
circuito	7.40
circulación	8.60
circular	6.44
círculo	3.52
circunstancia	9.04
circunstancias	9.30
ciruela	5.48
cirugía	8.38
cisne	5.28
cita	8.44
ciudad	4.98
ciudadano	7.76
ciudadanos	7.84
ciudades	6.32
civil	8.94
civilización	9.10
clara	6.52
claramente	7.92
claridad	6.04
clarinete	8.18
claro	5.84
clase	3.84
clases	4.46
clásica	8.26
clásico	8.22
clasificación	8.42
claustro	10.00
claustrofobia	10.10
clavada	7.22
clavar	5.68
clave	7.84
clavel	6.02
clavícula	9.50
clavo	5.72
clérigo	10.28
cliente	7.94
clientela	8.18
clima	6.98
clínica	6.16
clínico	8.96
clip	7.06
cloro	8.22
club	7.40
coacción	10.76
cobarde	7.44
cobardía	7.56
cobertizo	9.00
cobijo	9.08
cobra	7.54
cobrar	7.48
cobre	8.38
cobro	8.36
coca	9.64
cocacola	4.90
cocaína	10.35
coche	2.98
cochecito	3.38
cochero	7.68
coches	3.30
cochino	4.30
cocido	6.48
cocina	3.60
cocinar	5.66
cocinero	4.14
cocinita	3.66
cocodrilo	4.12
código	9.10
codo	3.54
codorniz	8.28
cofre	6.64
coge	4.00
coger	3.66
cogido	5.88
cognitivo	10.88
cohete	4.90
coincidencia	8.84
coito	10.52
coja	5.86
cojín	4.50
col	6.10
cola	4.08
colaboración	8.38
colada	8.50
colador	6.26
colchón	5.60
coleccionista	8.12
colega	7.98
colegio	2.92
colegios	3.28
cólera	9.66
coleta	4.04
colgante	6.14
colgar	4.66
colibrí	8.40
coliflor	6.06
colina	7.30
collar	3.64
collares	4.84
colmillo	5.84
colmillos	5.74
colocación	7.02
colocar	4.54
colocarse	6.38
colon	9.62
colón	8.92
colonia	4.70
coloquio	10.06
color	2.84
colores	3.08
colorido	5.40
colorín	4.34
colorines	3.62
columna	6.14
columpio	3.16
coma	6.54
comanche	8.92
comandante	8.68
comarca	9.50
comba	4.86
combate	7.16
combatiente	9.44
combinación	9.26
comedia	7.70
comedor	6.04
comentado	8.08
comentario	8.14
comer	1.70
comercial	8.40
comerciante	8.66
comercio	7.50
cometa	4.78
cómic	6.34
cómico	7.36
comida	2.46
comienzo	6.44
comisario	7.82
comisión	10.60
comité	10.36
como	4.24
cómo	4.70
cómoda	7.04
comodidad	7.52
comodín	7.28
cómodo	5.88
compañero	4.66
compañeros	4.64
compañía	7.08
comparación	7.92
compartir	5.04
compás	7.72
compatriota	9.84
competencia	8.94
competición	7.42
complejidad	9.46
complejo	9.24
complemento	8.94
completamente	8.02
completo	5.96
complicado	7.74
complutense	10.20
comportamiento	6.24
comportarse	4.90
composición	8.74
compostela	8.76
compra	4.24
comprado	5.40
comprar	4.66
compras	5.06
comprender	6.10
comprensión	8.64
comprometido	8.76
compromiso	8.96
compulsivo	9.50
común	8.00
comunicación	7.58
comunidad	8.28
comunidades	8.56
comunión	7.38
comunismo	10.44
comunista	10.36
con	3.78
concejal	9.16
concentración	8.60
concentrado	6.80
concepción	10.22
concepto	9.32
concesión	10.24
concha	5.64
conciencia	9.38
concierto	7.28
conclusión	9.18
concretamente	8.74
concreto	8.82
concurso	5.60
conde	7.66
condena	8.80
condición	8.16
condicionamiento	10.62
condiciones	7.94
condimento	9.60
conducir	5.20
conducta	8.60
conducto	9.32
conductor	5.22
conejito	3.06
conejo	2.88
conexión	8.72
confederación	10.66
conferencia	9.56
confesión	8.52
confetis	6.28
confianza	8.30
confiar	6.96
confidencia	9.92
configurar	9.56
conflicto	8.94
conformidad	10.16
confort	9.96
confundir	6.70
confusión	8.50
confuso	7.32
congoja	10.38
congregación	10.38
congreso	10.04
cónica	10.42
conjunción	9.49
conjunto	7.02
conmigo	4.32
conmover	9.84
conoce	5.62
conocemos	5.78
conocen	5.24
conocer	5.40
conoces	5.50
conocía	6.30
conocido	6.10
conocimiento	7.56
conocimientos	7.76
conozco	5.08
conquista	9.08
consciencia	9.19
consecuencia	8.92
consecuencias	8.50
consecuente	9.92
conseguido	7.10
conseguir	6.98
consejero	9.10
consejo	8.22
consentir	7.76
conserjería	9.04
conservación	8.76
conservador	9.64
considera	8.24
consideración	9.48
considerado	8.84
considerar	8.94
considerarse	8.90
considero	8.34
consigna	10.28
consigue	6.64
consiste	7.60
consola	6.32
consolado	7.57
consonante	6.04
consonantes	6.16
consorte	10.50
constancia	9.40
constantemente	9.36
constipado	6.40
constitución	9.70
constitucional	10.52
construcción	7.46
constructiva	10.06
construirse	7.42
consuelo	8.76
cónsul	10.44
consulado	10.60
consulta	8.00
consumo	9.34
contacto	7.96
contagio	7.98
contaminación	7.80
contaminar	7.64
contar	4.62
contemplar	8.54
contenido	8.10
contento	4.66
contestación	6.18
contestador	7.08
contexto	9.24
contextual	10.24
contigo	4.24
continente	8.22
continúa	6.54
continuación	6.86
continuar	6.66
continuidad	8.88
contorno	8.38
contra	6.34
contrabajo	9.36
contracepción	10.58
contraposición	10.10
contrariedad	9.72
contrario	6.98
contrato	9.62
contribución	10.06
contribuyente	10.60
contrincante	8.40
control	7.08
convencido	7.54
conveniencia	9.74
conveniente	9.36
convento	7.74
conversación	7.06
conversar	6.94
convertido	7.34
coñac	10.00
coño	6.52
cooperación	9.50
copa	5.50
copas	6.68
copia	5.48
copiar	5.70
copulativa	10.24
coqueta	7.44
coqueto	6.26
coraje	8.84
corazón	4.54
corbata	5.76
corchetes	8.71
corcho	6.38
cordero	6.38
cordialidad	10.00
cordillera	8.02
cordón	4.68
cordones	4.34
cordura	10.22
coro	6.14
corona	4.54
coronel	7.84
corporal	8.28
corpus	9.46
corral	6.14
correa	6.06
corrección	6.54
correcta	6.44
correcto	5.68
corredor	7.52
corredores	7.40
corregir	6.48
correo	6.52
correos	7.22
correr	2.66
corresponde	8.82
correspondencia	8.94
corrida	8.68
corriendo	4.24
corriente	6.54
corrupción	10.10
corrupto	9.30
corsé	9.62
corta	4.72
cortado	7.34
cortar	4.04
cortas	5.06
corte	5.94
cortejo	8.58
cortesía	9.22
corteza	7.56
cortina	4.68
corto	5.02
cortos	4.70
coruña	9.26
cosa	3.02
cosas	3.86
cosecha	7.34
coser	5.42
costa	5.80
costar	6.32
costilla	7.46
costumbre	7.28
costura	7.20
costurera	7.02
costurero	6.94
cotilla	7.36
cotilleo	7.52
cráneo	8.18
crea	5.32
creación	6.92
creado	7.04
crear	6.60
creatividad	8.76
creciente	8.40
crecimiento	6.14
crédito	9.96
cree	5.74
creemos	6.14
creen	5.54
creencia	8.32
creer	5.68
crees	5.86
creía	5.70
creído	7.74
crema	5.14
cremallera	5.76
creo	4.68
crepe	9.84
crepúsculo	10.26
cresta	6.82
cría	5.86
criada	7.02
criado	7.36
criatura	6.92
crimen	8.10
criminal	7.86
crisis	8.84
cristal	4.12
cristales	4.86
cristiana	6.94
cristiano	6.48
cristina	4.18
cristo	5.98
cristóbal	7.04
criterio	9.64
crítica	8.92
criticar	8.30
croar	6.24
cromo	5.52
crónica	10.24
cronista	10.50
croqueta	5.04
crucificar	7.18
cruel	7.48
crueldad	8.24
cruz	5.14
cruzar	4.82
cuaderno	4.55
cuadrada	5.14
cuadrado	4.16
cuadro	4.46
cuadros	5.18
cual	4.92
cuales	5.12
cuáles	5.26
cualidad	8.60
cualificado	9.72
cualquier	6.52
cualquiera	6.42
cuando	4.60
cuándo	5.00
cuántas	5.04
cuantía	10.06
cuántica	10.58
cuanto	4.54
cuánto	4.68
cuantos	4.96
cuántos	4.60
cuarenta	5.26
cuarta	5.92
cuartel	5.71
cuarto	3.78
cuatro	3.32
cuatrocientos	6.68
cuba	8.18
cubata	10.56
cubierta	8.46
cubierto	6.26
cubito	6.46
cubo	4.68
cucaracha	4.34
cuchara	3.22
cuchilla	7.86
cuchillo	3.98
cuello	3.50
cuenco	8.00
cuenta	6.46
cuentan	5.52
cuéntanos	5.92
cuentas	5.42
cuento	3.22
cuerda	4.36
cuerdas	4.68
cuerno	4.80
cuernos	5.80
cuero	7.08
cuerpo	3.66
cuervo	6.32
cuesta	5.82
cuestión	7.58
cuestiones	7.92
cueva	4.72
cuidado	4.54
cuidar	4.60
culebra	7.36
culo	2.68
culpa	6.36
culpable	6.86
cultivo	7.94
culto	9.04
cultura	8.66
cultural	8.32
cumbre	6.94
cumpleaños	2.78
cumplida	8.26
cumplimiento	9.18
cumplir	5.40
cúmulo	10.36
cuna	2.48
cuñado	7.20
cupido	8.00
cúpula	9.52
cura	5.68
curación	6.65
curar	4.44
curas	6.02
curiosidad	7.14
curiosidades	8.50
curioso	6.94
curso	4.62
cursos	5.98
curva	5.54
curvo	8.42
da	3.28
daba	5.34
daban	5.68
dactilar	10.05
dado	4.34
daga	9.56
dama	6.94
damos	5.12
dan	4.88
dance	8.53
dando	5.76
danza	6.96
daño	4.42
dar	3.00
darle	4.48
darwin	10.28
das	3.88
dato	8.40
datos	8.08
david	3.78
de	4.16
debajo	4.12
debate	9.34
debe	6.18
debemos	6.16
deben	5.64
deber	7.06
debería	6.28
debía	6.46
debido	7.56
débil	7.04
debilidad	8.86
débito	10.68
década	8.92
decadencia	10.58
decaimiento	9.70
decámetro	8.76
decano	10.82
decena	7.06
decente	8.74
decepción	9.06
decepcionar	7.66
decía	4.70
decíamos	6.14
decían	5.30
decidido	7.10
decímetro	7.98
decimos	5.72
decir	4.39
decirle	5.22
decirlo	5.78
decirte	5.40
decisión	7.94
decisiones	7.64
declaración	9.36
declaraciones	9.30
decoración	7.74
decorar	6.76
decoro	9.18
decreciente	9.17
decreto	10.58
dedal	6.64
dedicación	8.60
dedicado	8.10
dedo	2.32
dedos	2.24
defecto	8.06
defender	5.88
defendido	7.18
defensa	7.24
defensor	8.50
definición	7.96
definitiva	8.36
deforme	7.04
deja	4.64
dejadez	9.54
dejado	6.14
dejamos	5.38
dejan	5.42
dejar	5.50
dejo	5.46
dejó	5.58
del	4.68
delante	4.48
delegación	10.68
delegado	7.44
deleite	10.08
delfín	4.28
delgada	6.08
delgadez	7.70
delgado	4.84
delicadeza	8.10
delicado	7.24
delicia	7.92
delincuente	7.98
delirio	10.20
delito	9.00
demanda	9.88
demás	6.84
demasiado	5.86
demencia	10.56
demente	10.18
democracia	10.02
demócrata	10.44
democrática	10.44
democrático	9.96
demonio	5.94
demora	9.62
demostración	8.18
demostrado	8.20
demostrar	7.80
den	5.22
denominación	9.84
dental	6.50
dentista	5.84
dentro	3.58
denuncia	8.92
departamento	9.28
depende	7.00
dependencia	9.48
dependiente	8.66
depilación	9.24
depilar	9.18
deporte	4.74
deportes	4.60
deportista	5.98
deportiva	7.16
deportivas	5.24
deportivo	7.34
depósito	8.68
depresión	9.60
depresivo	9.86
deprimido	8.20
deprisa	4.66
derecha	4.00
derecho	7.58
derechos	9.12
derivación	10.28
derrota	7.70
derrotero	10.36
desacuerdo	9.04
desafío	9.20
desagradable	7.52
desagrado	8.98
desamparo	9.96
desanimado	7.94
desánimo	8.94
desaparición	6.90
desarrollo	8.36
desasosiego	10.54
desastre	6.38
desatar	6.08
desayuno	3.24
desazón	10.64
descansar	4.82
descanso	4.82
descarga	8.84
descendencia	8.78
descenso	8.32
descomposición	8.96
desconfianza	9.20
desconocido	6.42
desconsuelo	8.76
descontento	7.31
descosido	6.96
descripción	7.76
descubrimiento	7.50
descubrir	6.38
descuido	7.80
desde	4.52
desdén	9.92
desdeñoso	10.66
desdicha	9.90
desenfadado	8.92
desengaño	9.90
desenlace	9.28
desenredar	6.78
deseo	6.74
desertor	10.64
desesperación	9.12
desesperado	7.52
desesperanza	9.98
desesperar	7.72
desgracia	8.00
desgraciadamente	9.14
deshacer	7.54
deshojar	7.82
desierto	6.76
desigual	7.98
desigualdad	9.00
desilusión	9.02
desinterés	8.82
desleal	10.44
deslumbramiento	9.18
desmentir	9.32
desmoralización	10.42
desnudo	3.32
desobediencia	6.00
desolación	9.86
desorden	5.12
desordenado	5.62
despacho	7.70
despacio	5.08
despecho	9.82
despedazar	8.00
despedida	6.02
desperdicio	8.16
desperdicios	8.12
despertador	5.87
despierto	4.07
despiste	7.34
despreciar	8.00
desprecio	8.14
despreocupado	8.50
desproporción	9.62
después	4.80
destinatario	8.69
destino	8.60
destornillador	6.84
destreza	9.72
destrucción	7.64
destruir	6.06
desuso	9.98
desván	8.12
desventaja	7.70
desvestido	6.06
desviación	9.68
desvío	8.62
detalle	7.62
detective	6.86
detención	7.80
detener	7.02
determinación	10.16
determinado	8.86
determinante	9.22
detestar	7.66
detrás	4.14
deuda	9.12
devoción	9.22
devoto	9.98
di	4.56
día	3.62
diablo	5.38
diadema	4.82
diálogo	7.78
diamante	7.74
diamantes	7.18
diapositiva	9.56
diario	7.18
días	3.44
dibujo	3.00
dibujos	2.90
diccionario	6.12
dice	4.50
dicen	5.08
dices	4.70
dicha	9.30
dicho	7.62
diciembre	5.26
diciendo	5.94
dictado	5.70
dictador	9.44
dictadura	10.32
dictamen	10.50
diecinueve	4.86
dieciocho	4.84
dieciséis	5.12
diecisiete	4.94
diego	4.32
diente	3.16
dientes	3.52
dieron	5.24
diestra	6.92
dieta	8.62
diez	3.54
diferencia	7.08
diferencias	6.74
diferente	5.38
diferentes	5.64
difícil	4.96
difíciles	5.38
dificultad	7.70
dificultades	7.52
dificultar	8.06
difusión	10.02
diga	5.54
dígame	6.18
digamos	6.66
digan	5.72
digas	5.68
digital	9.39
digno	9.16
digo	5.04
dije	4.30
dijeron	5.96
dijo	4.54
dilatada	9.76
diligencia	10.04
dimensión	9.74
dinámico	9.31
dinamismo	10.34
dinamita	7.64
dinero	4.14
diócesis	9.20
dios	3.90
diosa	7.14
dioses	7.06
diploma	7.00
diplomado	10.14
diputación	10.50
diputado	10.32
diputados	10.18
dique	9.96
dirección	5.92
directamente	7.94
directo	7.00
director	5.88
diría	6.20
disciplina	8.54
discípulo	7.72
disco	6.26
disconformidad	10.08
discoteca	8.96
disculpa	6.80
discurso	8.50
discusión	6.94
disertación	10.94
disfraces	4.16
disfraz	4.06
disfrutar	6.68
disfrute	7.82
disgustado	7.38
disgusto	8.26
disminución	8.64
disolución	10.38
disparar	6.04
disparo	6.98
disposición	9.70
disputa	9.52
distancia	6.48
distante	8.68
distinción	9.40
distinta	4.96
distintas	5.32
distinto	5.58
distintos	5.40
distorsión	9.94
distracción	8.10
distraer	7.26
distribución	9.52
distribuidor	9.72
distrito	10.26
disturbio	10.06
disuadir	10.12
diván	10.22
diversidad	9.84
diversión	5.80
divertida	5.02
divertido	4.40
divertirse	5.18
dividir	6.88
divina	8.38
división	7.20
divorciado	8.42
divorcio	7.90
dni	8.90
doblar	4.60
doble	6.56
doblez	8.16
doce	3.83
docente	10.08
doctor	4.46
doctrina	10.26
documentación	9.78
documento	8.78
dogma	10.72
dólar	8.44
dólares	8.66
dolencia	7.30
doler	2.96
dolor	3.60
domicilio	6.18
dominación	9.34
dominancia	9.90
dominante	8.62
domingo	3.68
domingos	4.16
dominicana	9.32
dominio	9.24
dominó	5.52
don	6.24
donativo	7.96
doncella	7.60
donde	3.00
dónde	4.36
doña	6.02
dorada	7.64
dorado	6.30
dormido	3.50
dormir	2.36
dormitorio	5.16
dos	2.24
doscientas	5.98
doscientos	6.28
doy	4.06
drácula	5.76
dragón	4.24
drama	8.88
dramaturgo	10.12
droga	8.74
drogas	9.40
ducha	3.44
duda	6.36
dudas	6.66
duelo	9.02
dueño	5.82
dulce	4.10
dulzura	7.02
dúo	8.10
dúplex	9.30
duque	8.00
duquesa	8.32
dura	4.96
durante	6.34
dureza	7.10
duro	5.76
duros	4.94
ebriedad	10.36
echar	4.52
echarse	4.78
eco	5.44
economía	9.60
económica	9.74
económicas	9.48
económico	8.84
económicos	8.92
edad	3.42
edén	9.88
edición	9.58
edificio	4.42
educación	6.44
efe	5.20
efectivamente	8.62
efectividad	8.74
efectivo	8.70
efecto	8.38
efectos	7.70
eficacia	8.98
eficaz	9.14
eficiencia	10.24
egipto	8.56
egoísmo	7.18
egoísta	5.58
ejecución	9.76
ejecutivo	8.82
ejecutivos	9.16
ejemplo	6.02
ejercicio	5.84
ejército	7.12
el	3.18
él	2.96
elaboración	8.88
elección	7.62
elecciones	9.48
electoral	10.22
eléctrica	7.12
electricidad	7.22
electricista	7.29
eléctrico	7.18
electrodoméstico	7.28
electrónico	8.44
elefante	3.36
elegancia	8.60
elegante	7.44
elegido	6.24
elegir	5.24
elemental	9.28
elemento	8.78
elementos	7.66
elena	4.00
elevación	8.40
ella	3.46
ellas	3.96
ello	6.68
ellos	3.98
elocuencia	10.74
elogio	9.40
email	10.68
embajada	10.08
embajador	10.08
embarazo	6.04
embarazosa	9.34
embargo	10.20
eme	4.10
emergencia	6.60
emoción	8.06
emocional	9.06
empatía	10.31
empecé	5.26
empeño	8.44
emperador	7.78
empezado	5.08
empezamos	5.22
empezar	3.86
empezó	5.32
empieza	4.84
empiezan	4.98
empírica	10.86
empleo	8.22
empollón	7.28
empotrado	8.64
empresa	8.96
empresarial	9.80
empresario	8.60
empresarios	8.68
empresas	8.32
en	3.92
enamorado	7.62
enamorar	7.36
enanitos	4.26
encaje	8.28
encanta	5.48
encantado	6.82
encantadora	6.84
encanto	7.36
encargada	7.94
encargo	7.68
encender	4.90
encerrado	5.24
enchufe	4.70
enciclopedia	7.68
encierro	7.76
encima	5.50
encimera	7.64
encina	9.61
encontrado	5.54
encontramos	5.38
encontrar	4.62
encuentra	4.78
encuentran	5.50
encuentro	7.50
encuesta	9.08
ene	5.31
enemigo	6.34
enemistad	8.74
energía	7.72
enérgico	8.22
enero	5.36
enfadado	4.04
enfado	4.40
enfermedad	4.88
enfermedades	6.70
enfermera	6.00
enfermero	5.62
enfermo	3.84
enfermos	5.48
enfrentamiento	8.68
enfurecido	6.82
engaño	6.66
engañosa	7.52
engordar	7.40
engreído	8.76
enhorabuena	7.30
enigma	9.92
enjuiciar	10.60
enlace	8.84
enmienda	10.50
enojo	8.38
enorme	4.92
enredo	8.46
ensalada	4.62
ensaladilla	5.48
ensayo	7.60
enseguida	5.64
enseñanza	6.40
enseñar	4.30
ensueño	9.38
ente	10.48
entender	5.70
entendido	6.04
entendimiento	9.00
entera	5.92
entereza	9.94
entero	5.98
entidad	10.22
entiende	5.30
entiendes	5.94
entiendo	5.58
entierro	6.98
entonces	5.40
entorno	8.36
entra	3.80
entrada	5.06
entrado	6.32
entrar	3.96
entre	4.36
entrega	7.14
entrenador	6.84
entretener	7.14
entretenido	7.22
entretenimiento	8.22
entrevista	8.44
entrometido	6.94
entusiasmo	7.54
envidia	8.48
envidiar	7.82
epílogo	10.58
episodio	8.20
época	8.02
epopeya	10.27
equilátero	9.02
equilibrio	7.90
equipo	5.44
equipos	5.72
equivocación	6.84
era	8.00
éramos	5.92
eran	5.64
eres	4.00
erizo	5.61
ermita	7.94
ermitaño	9.80
erótica	9.82
erótico	9.92
erre	4.96
error	5.68
errores	6.58
erudición	10.80
erudito	10.74
erupción	8.48
es	3.18
esa	4.24
ésa	3.82
esas	4.10
escala	8.90
escalar	6.44
escalera	3.42
escaleras	3.87
escalofrío	7.10
escalón	3.54
escándalo	7.40
escapada	7.86
escapar	5.76
escaparate	6.20
escape	8.26
escarabajo	5.94
escasez	9.24
escayola	7.60
escena	7.90
escenario	5.46
escéptico	10.70
esclavitud	8.16
esclavo	8.02
esclerosis	10.78
escoba	4.20
escoger	6.22
escolar	5.26
esconder	3.66
escondite	3.88
escopeta	6.48
escorbuto	10.30
escoria	9.92
escorpión	6.42
escribe	4.70
escribir	3.90
escrito	6.22
escritor	7.38
escritorio	5.88
escritura	5.92
escrúpulo	10.28
escuchar	4.32
escudo	6.42
escuela	3.40
escultura	8.58
escurreplatos	8.60
escurridor	7.12
ese	3.80
ése	4.04
esencia	9.44
eses	6.76
esfera	7.98
esfuerzo	7.52
esmeralda	7.60
esmoquin	9.38
eso	3.22
esófago	9.44
esos	4.54
espabilado	7.20
espacial	7.98
espacio	6.32
espada	5.06
espagueti	4.44
espaguetis	4.64
espalda	3.90
espanto	8.78
espantoso	7.00
españa	5.84
español	5.28
española	5.40
españolas	5.76
españoles	5.44
espárrago	7.62
esparto	9.30
espátula	8.18
especial	6.78
especialmente	7.96
especie	7.72
especificidad	10.52
específico	9.38
espectáculo	7.54
espectro	10.24
especulación	10.46
espejismo	9.04
espejo	3.78
espera	4.50
esperamos	5.70
esperando	5.04
esperanza	7.94
esperanzado	9.22
esperar	4.85
espermatozoide	9.32
espero	5.42
espía	7.80
espiga	8.34
espina	5.48
espinacas	5.56
espinal	9.92
espinas	5.22
espinazo	8.98
espiración	10.04
espíritu	7.12
espiritual	8.92
esplendor	8.82
esposa	4.92
esposo	6.20
espuma	4.62
espumadera	7.80
esqueleto	6.98
esquema	8.62
esquí	7.20
esquimal	7.04
esquina	5.12
esta	3.22
ésta	4.10
estaba	4.70
estábamos	5.70
estaban	5.18
estabas	5.12
estabilidad	8.98
estable	9.24
establecimiento	8.86
estación	6.64
estadio	7.26
estadística	10.40
estado	9.72
estados	8.26
estafa	8.82
estáis	6.58
estamos	4.32
estampa	6.12
estancado	8.38
estancia	9.44
estanque	6.04
estante	6.12
estantería	5.88
estaño	10.12
estar	5.74
estará	5.84
estarán	5.66
estaría	6.18
estas	4.48
éstas	5.18
estático	9.34
estatua	6.20
estatura	6.58
estatus	10.52
este	4.18
esté	5.52
éste	6.30
estén	5.82
estereotipo	10.54
esterilidad	10.30
esterlina	10.44
esternocleidomastoideo	9.96
estética	8.74
estético	9.66
estiércol	7.60
estilo	8.76
estimar	9.32
estimular	9.74
estímulo	10.30
esto	3.34
estómago	5.58
estornudo	4.88
estos	4.40
éstos	4.94
estoy	4.14
estrato	10.72
estrecha	6.26
estrecho	6.90
estrella	3.66
estrellas	4.16
estremecerse	9.24
estrena	6.90
estreno	7.66
estrés	9.98
estribo	9.76
estridente	10.06
estropajo	6.80
estropeado	5.64
estructura	9.20
estruendo	7.72
estuche	4.29
estudiado	6.44
estudiando	5.80
estudiante	5.76
estudiantes	6.26
estudiar	5.80
estudio	5.90
estudios	6.08
estudioso	6.50
estufa	6.58
estupendo	6.54
estúpido	5.44
estuve	5.52
estuviera	6.80
estuvimos	6.14
estuvo	5.94
et	6.88
eta	9.98
etapa	9.10
etcétera	7.38
eternidad	8.96
eterno	8.24
etílico	10.46
euforia	9.64
eufórico	9.74
euro	10.80
europa	8.14
europea	8.26
europeo	9.26
europeos	7.66
euros	9.76
euskadi	9.70
eutanasia	10.60
evento	8.90
evidencia	10.02
evidente	8.92
evidentemente	9.18
evitar	7.44
evocación	9.84
evolución	9.18
evolucionista	10.34
ex	8.48
exactamente	8.28
exactitud	9.32
exacto	7.22
exaltación	10.26
examen	6.46
exámenes	6.66
excelencia	9.74
exceso	9.10
excitación	10.12
excitado	9.40
exclusivamente	8.80
excursión	4.52
excusa	8.06
exhibición	9.20
exigencia	9.32
existe	6.10
existen	5.88
existencia	8.72
existía	6.74
éxito	7.94
expansión	9.94
expedición	9.30
expediente	9.96
experiencia	8.48
experimento	8.86
explanada	8.68
explicación	7.52
explicar	6.54
explosión	6.88
exportación	10.26
exposición	8.60
expresión	8.12
exprimidor	6.92
exquisito	8.40
éxtasis	10.32
extensión	9.36
extenso	8.54
exterior	6.70
exteriores	7.94
externo	7.96
extinción	8.96
extra	8.40
extraer	8.24
extranjera	7.28
extranjero	6.98
extranjeros	7.14
extrañeza	9.16
extraño	6.36
extraordinario	8.52
extraterrestre	6.06
extraversión	10.68
extravertido	10.20
extravío	8.92
extremidad	7.38
extremidades	8.16
extremo	7.78
fábrica	6.50
fábula	8.32
fachada	8.34
facial	8.58
fácil	4.72
facilidad	8.02
factor	9.76
factura	8.68
facultad	9.96
faena	9.16
faja	7.46
falange	10.14
falda	4.20
falla	9.38
fallecimiento	8.00
fallido	8.44
fallo	6.66
falsa	6.90
falsedad	8.58
falso	6.38
falta	6.42
fama	8.26
famélico	10.94
familia	3.44
familiar	5.24
familiares	5.46
familias	4.24
famoso	6.48
fan	8.34
fanta	5.00
fantasía	6.26
fantasma	5.80
faringe	9.34
farmacia	5.88
faro	6.14
farol	6.96
farola	5.04
farsa	9.38
fascinar	8.58
fascismo	10.80
fase	8.72
fastidiar	6.08
fastidio	7.58
fatal	6.94
fatalidad	9.40
fatiga	7.72
fatigado	8.14
fauna	7.84
favor	5.58
favorito	4.60
fax	9.18
faz	9.84
fe	7.38
fea	3.22
febrero	4.94
fecha	4.50
federación	9.54
federal	9.59
felicidad	5.72
felicitación	5.92
felino	7.92
feliz	4.38
felpudo	7.08
femenina	6.96
femenino	6.40
fémur	9.48
fenomenal	7.50
fenómeno	8.70
feo	3.00
feria	5.48
fermento	10.18
feroz	6.26
ferrocarril	6.58
fertilidad	9.80
fervor	9.18
festejar	7.14
festival	6.38
festivo	7.24
fétido	9.08
fibras	9.08
ficción	9.20
ficha	5.02
fidelidad	9.78
fideos	4.28
fiebre	4.68
fiel	8.96
fiera	6.52
fiereza	9.56
fiero	8.12
fiesta	3.98
fiestas	5.46
figura	6.62
fijaros	7.69
fíjate	5.92
fijo	7.34
fila	3.88
filete	5.54
filiación	10.58
filosofía	10.00
filósofo	9.40
fin	4.74
fina	6.64
final	4.42
finales	6.48
finalidad	8.78
finalizar	5.88
finalmente	8.06
financiación	10.04
financiera	10.22
financiero	10.44
finca	6.58
fines	8.08
fino	6.66
firma	7.16
firmamento	8.54
firmeza	8.90
fiscal	10.20
física	9.58
físico	7.78
fisiología	10.42
fisonomía	10.78
flaca	4.30
flaco	4.76
flamenco	7.84
flan	4.56
flaqueza	8.86
flauta	5.14
flautista	6.18
flecha	5.50
flemón	8.58
flequillo	6.16
flexible	7.92
flexo	8.54
floja	6.34
flojo	5.16
flor	2.68
flora	7.82
florecer	6.52
florero	5.20
flores	3.70
flota	7.88
flotador	3.70
flujo	10.26
fobia	9.72
foca	4.08
foco	7.08
fofo	6.34
fogón	7.32
folclórica	7.58
folio	4.96
folios	5.82
folleto	9.02
follón	7.84
fondo	5.08
fontanero	7.10
forma	5.84
formación	9.14
formalidad	10.00
formar	6.46
formas	5.38
formón	10.54
fórmula	8.98
fortaleza	8.18
fortuito	9.96
fortuna	7.90
fósforo	6.26
foto	3.62
fotocopia	7.34
fotocopiadora	7.64
fotografía	5.30
fotógrafo	5.46
fotos	4.06
frac	10.36
fracaso	9.10
fracción	8.50
fractura	8.64
fragancia	8.48
frágil	7.32
fragilidad	9.32
fragmento	9.10
fraile	8.92
francés	7.58
francesa	7.22
franceses	7.34
francia	8.36
franco	9.52
franquista	10.34
frase	5.82
fraternidad	10.06
fraude	9.64
frecuencia	9.40
frecuente	8.08
fregadero	5.14
fregador	7.47
fregar	5.52
freír	5.46
frenesí	10.76
frente	3.92
fresa	3.18
fresas	4.08
fresca	6.32
fresco	5.76
frescor	6.96
freud	10.96
fría	3.46
frialdad	9.14
frigorífico	5.86
frío	3.00
frita	5.30
fritas	4.80
frito	5.30
fritos	5.69
frivolidad	10.50
fronda	10.78
frondoso	8.78
frontera	8.12
frustración	10.12
frustrado	9.32
fruta	4.18
frutas	3.50
fruto	4.88
fucsia	6.74
fue	4.74
fuego	3.68
fuente	4.78
fuentes	6.66
fuera	3.64
fueran	6.30
fueron	5.66
fuerte	4.34
fuertes	4.04
fuerza	5.20
fuerzas	5.46
fuese	6.80
fuga	7.64
fugaz	7.48
fui	4.50
fuimos	5.08
fular	8.88
fulgor	10.48
fumar	6.22
función	8.21
funciona	5.44
funcionamiento	8.44
funcionarios	9.72
funda	7.24
fundación	9.43
fundamental	8.76
fundamentalmente	9.40
fundamento	9.16
fúnebre	9.40
funeral	7.52
furcia	10.00
furgoneta	5.92
furia	8.20
furor	9.48
fusil	8.36
fútbol	5.10
futbolín	6.26
futuro	7.44
gabán	10.72
gabardina	6.64
gabinete	10.44
gafa	5.06
gafas	3.98
gala	7.86
galán	9.06
galardón	9.60
galería	8.50
galgo	8.66
galicia	8.06
gallego	7.42
galletas	2.78
gallina	3.34
gallinas	3.94
gallo	4.66
gamba	6.26
gamo	10.46
gana	4.08
ganadería	7.40
ganado	6.18
ganador	4.36
ganancia	9.32
ganancias	8.10
ganar	4.76
ganas	4.94
gancho	7.30
gangrena	9.94
ganó	4.34
garabato	5.44
garaje	5.42
garantía	9.88
garbanzo	4.62
garbanzos	4.90
garganta	4.06
garra	6.12
gas	7.52
gasoil	8.72
gasóleo	8.82
gasolina	6.66
gasto	6.76
gástrico	10.12
gatito	2.28
gato	2.40
gatos	3.44
gaveta	5.02
gavilanes	9.70
gaviota	5.64
gay	9.72
ge	4.60
gel	4.18
gélido	10.24
gema	7.12
gemelo	6.72
gemelos	6.40
generación	9.28
general	8.34
generales	7.58
generalidad	9.90
generalmente	8.82
género	8.60
generosidad	8.12
generoso	6.02
genial	6.36
genio	5.74
gente	4.20
gentes	5.62
gentío	9.58
geografía	8.56
geología	9.58
geometría	9.14
geranio	6.24
germen	9.24
gérmenes	7.90
gestación	9.76
gestión	9.90
gestionar	10.38
gesto	6.36
gibraltar	9.50
gigante	3.82
gimnasia	5.08
gimnasio	7.58
gimnasta	5.88
ginebra	10.38
girar	5.18
girasol	4.98
giro	5.18
gitano	6.34
glaciar	8.26
gladiolo	9.24
glamour	9.56
glándula	10.02
global	9.24
globo	2.42
gloria	7.98
glúteo	8.94
gobernación	9.94
gobernador	8.38
gobierno	8.88
goce	8.39
gofio	4.78
gol	4.86
goles	5.06
golf	7.32
golfista	7.40
golfo	7.14
golondrina	6.86
golpe	4.04
golpear	5.42
goma	3.88
gomina	8.06
gorda	4.46
gordo	4.82
gordura	6.10
gorila	5.08
gorra	4.36
gorrino	9.44
gorrión	6.80
gorro	3.64
gozo	8.46
grabar	6.76
gracia	6.26
gracias	2.14
gracioso	4.96
grado	7.96
grados	8.16
graduado	9.28
gráfico	9.20
gramática	8.26
gramo	7.72
gran	5.18
granada	7.68
granate	8.70
grande	4.02
grandes	4.02
grandeza	6.29
grandioso	8.50
granero	6.70
granizo	6.08
granja	4.62
grano	7.04
granos	7.00
grapa	6.48
grapadora	6.18
grasa	7.36
gratitud	8.10
grave	7.20
gravedad	8.66
grecia	9.48
griega	8.92
griego	8.42
grillos	4.88
gripe	4.90
gris	3.92
gritar	4.02
grito	3.20
gritos	5.42
grosero	7.48
gruesa	6.04
grueso	6.20
grupo	5.58
grupos	5.86
gruta	8.96
guagua	4.40
guante	4.34
guantes	4.94
guapa	3.32
guapo	3.44
guardar	4.06
guardarropa	8.62
guardería	3.46
guardia	5.36
guardián	6.88
guarnición	8.56
guarro	5.44
guateque	9.98
guepardo	7.16
guerra	6.36
guerrero	6.12
guía	7.60
guillotina	9.18
guiño	7.64
guiri	8.12
guitarra	4.50
gusano	3.68
gusta	2.58
gustaba	5.24
gustado	5.16
gustan	4.24
gustar	4.14
gustaría	5.90
gusto	4.92
gustó	3.92
ha	5.98
habano	9.94
habéis	6.82
haber	4.76
había	4.88
habíamos	5.90
habían	5.32
habido	6.62
habilidad	8.40
habitación	3.42
habitante	7.60
habitantes	7.72
hábito	8.94
habitual	8.16
habla	3.20
hablaba	4.94
hablado	6.36
hablamos	5.16
hablan	4.64
hablando	5.22
hablar	2.58
hablaremos	6.20
hablo	3.98
habrá	6.40
habrán	6.65
habría	6.68
hace	4.74
hacemos	5.10
hacen	4.94
hacer	4.12
hacerle	5.50
hacerlo	6.16
hacerse	6.26
haces	4.46
hacha	5.90
hacia	5.86
hacían	5.65
hacienda	10.14
haciendo	5.04
hada	3.86
hadas	4.42
haga	6.32
hagan	5.94
hago	4.88
halago	8.88
halcón	6.40
hall	9.74
hallazgo	9.54
halley	10.34
halloween	7.72
hamaca	6.62
hambre	2.86
hambriento	4.74
hamburguesa	4.94
hamelin	7.82
hamster	6.06
han	6.10
haría	6.16
harina	5.12
harto	6.46
harvard	10.30
has	5.82
hasta	5.52
hastío	10.74
hay	4.04
haya	7.14
hayan	6.84
haz	8.34
hazaña	9.34
he	6.37
heavy	10.18
hebilla	7.56
hebra	7.40
hecha	5.96
hechizo	6.68
hecho	6.96
hechos	6.30
hectómetro	9.42
hedor	10.18
hegemonía	10.76
heidi	4.02
helado	2.88
hélice	7.52
helicóptero	4.60
hembra	5.50
hemos	5.66
heno	9.46
hepatitis	10.26
hércules	6.62
herencia	9.06
herida	3.98
heridas	3.80
herido	5.84
hermana	2.96
hermandad	9.88
hermano	2.42
hermanos	2.90
hermoso	6.46
hermosura	7.40
héroe	5.04
heroína	9.66
heroísmo	9.28
herramienta	6.60
herramientas	6.60
hervir	6.54
heterosexual	10.10
hice	4.68
hicieron	5.78
hicimos	5.38
hidalgo	10.22
hidalguía	10.50
hidrógeno	9.86
hidrográfica	10.78
hielo	4.48
hiena	7.06
hierba	3.98
hierro	6.16
hígado	8.70
higiene	6.18
higo	5.80
higuera	8.18
hija	3.58
hijo	3.08
hijos	4.48
hilo	4.28
himno	7.46
hipnosis	9.80
hipopótamo	5.66
hipótesis	10.52
historia	6.92
historias	5.36
histórico	9.18
hitler	10.12
hizo	5.58
hogar	5.70
hoguera	6.00
hoja	3.88
hojas	3.54
hola	1.62
holanda	8.72
hombre	3.64
hombres	4.20
hombro	3.78
homenaje	9.68
homicida	10.22
homicidio	9.56
homosexual	9.98
honda	9.00
hondo	5.72
honesto	8.70
hongo	7.96
honor	8.88
honorífico	10.50
hora	4.94
horas	4.68
horizonte	7.66
hormiga	4.02
hormiguero	5.50
hornear	7.72
horno	5.94
horóscopo	7.38
horquilla	8.14
hórreo	10.90
horrible	6.58
horror	6.38
hortaliza	6.94
hospital	5.78
hospitales	5.06
hostal	9.46
hostia	7.84
hostil	9.72
hostilidad	9.80
hotel	5.52
house	7.30
hoy	3.40
hoyo	4.92
hubiera	7.26
hubiese	7.00
hubo	6.82
hucha	4.90
hueco	5.30
huelga	8.64
huella	6.02
huérfano	6.90
huerta	5.14
huerto	5.18
hueso	4.74
huesos	5.14
huésped	8.64
huevo	3.36
huevos	4.14
huída	8.08
huir	7.22
humana	5.78
humanidad	9.36
humano	6.34
humanos	6.00
humareda	8.43
humedad	8.04
húmedo	6.10
húmero	9.76
humildad	8.94
humilde	8.14
humillación	9.08
humillar	7.88
humo	4.06
humor	7.16
hundimiento	8.22
huracán	7.98
hurto	10.20
iba	4.62
íbamos	5.94
iban	5.74
ibas	5.36
ibérica	8.80
ibérico	9.14
iceberg	8.82
ida	6.56
idea	6.64
ideal	7.62
ideas	6.08
identidad	8.80
identificación	8.86
idioma	6.34
idiota	4.68
ido	6.52
ídolo	8.42
iglesia	4.62
iglesias	4.82
iglú	6.96
ignorancia	8.84
ignorar	8.32
igual	4.60
igualdad	7.22
iguales	4.34
igualmente	7.44
iguana	7.08
ilusión	6.32
ilustración	9.90
imagen	5.98
imágenes	6.24
imaginación	5.98
imaginar	5.04
imaginario	6.28
imagínate	6.52
imagino	5.92
imbécil	6.78
impaciencia	8.96
imparcial	9.90
impedimento	9.48
impedir	8.02
imperdible	7.12
imperfecto	8.26
impermeable	7.12
ímpetu	9.34
importa	5.38
importación	10.08
importancia	6.80
importante	5.16
importantes	5.82
importe	8.30
imposibilidad	9.58
imposible	6.47
impotencia	9.88
impotente	10.30
imprenta	8.84
impresión	9.14
impresionado	6.38
impresionante	7.68
impresionar	8.02
impreso	9.48
impresora	9.24
improbable	8.84
impuesto	9.92
impulso	9.04
impureza	9.34
in	8.20
inanición	10.76
incapacidad	8.78
incapaz	7.80
incendio	5.20
incentivo	10.18
incidente	9.94
incierto	8.74
incisivo	9.16
inclinación	8.56
inclinarse	7.26
incluso	8.38
incomodidad	8.60
incómodo	7.34
inconsciencia	9.98
inconveniente	9.28
incordio	7.92
incorrecta	7.25
incorrecto	6.66
incrédulo	10.18
increíble	7.06
inculto	9.62
indecente	9.86
indefenso	7.84
independencia	9.74
independiente	8.36
india	7.46
indicación	8.64
indicar	6.76
índice	8.30
indiferencia	9.58
indiferente	8.58
indignación	9.66
indio	4.86
indispensable	9.56
individual	7.64
individuo	8.12
índole	10.40
indudablemente	9.24
industria	9.04
industrial	8.66
inesperado	8.60
infancia	7.06
infante	9.80
infantería	9.58
infantil	5.92
infarto	8.82
infección	7.38
infelicidad	8.96
infeliz	7.12
inferencial	10.66
inferior	7.50
infidelidad	10.00
infiel	9.54
infierno	7.60
infinito	8.18
influencia	9.38
influir	8.98
influjo	10.66
información	6.94
informática	8.74
informe	9.38
ingeniero	9.46
ingenio	9.62
ingenuidad	9.34
inglaterra	8.74
ingle	9.32
inglés	5.16
inglesa	6.56
ingratitud	9.92
ingreso	9.56
inhibición	10.44
iniciación	8.70
iniciativa	9.66
inicio	6.76
injuria	10.40
injusticia	8.90
injusto	8.12
inmaduro	8.86
inmediatamente	8.40
inmenso	7.38
inmobiliaria	9.76
inmoral	9.50
inmortal	8.17
inmortalidad	8.62
inmóvil	8.18
inmutarse	9.68
innato	10.10
innovación	9.68
inocencia	8.70
inocente	8.00
inorgánica	10.24
inoxidable	8.80
inquieto	6.86
inquietud	8.68
inquilino	9.78
insatisfacción	9.28
inscripción	9.60
insecto	5.26
inseguridad	9.16
inseguro	9.00
inservible	8.82
insistencia	9.12
insisto	8.26
insolente	9.42
insomnio	9.68
inspección	9.32
inspector	8.56
inspiración	9.60
inspirado	8.62
inspirar	8.56
instalación	8.80
instante	8.50
instinto	9.66
institución	10.04
instituciones	9.62
instituto	8.96
instrucción	8.78
instrumento	5.90
insulto	5.90
integración	10.00
integral	9.42
integridad	10.10
intelecto	10.12
intelectual	9.16
intelectuales	8.94
inteligencia	7.10
inteligente	6.06
intención	7.92
intensidad	9.40
intenta	6.00
intentando	6.58
intentar	6.42
intento	6.66
interés	7.86
interesa	6.74
interesante	7.52
intereses	8.48
interferencia	9.32
interior	6.42
internacional	8.84
internacionales	9.36
internet	10.20
interno	8.34
interpretación	8.74
intérprete	9.86
interrumpida	8.80
interrumpir	7.26
interruptor	6.34
intervención	9.84
intestinal	9.06
intestino	8.40
intimidad	9.22
íntimo	8.40
intolerancia	9.78
intolerante	9.42
intranquilidad	9.34
intranquilo	7.82
intriga	8.76
introducción	8.70
introversión	10.42
introvertido	10.12
intruso	8.38
intuición	9.70
inundación	7.32
inútil	7.86
invasión	9.22
invasor	8.68
invención	8.16
invento	6.84
inventor	7.30
invernadero	7.26
inversión	10.03
invertido	9.38
invertir	9.67
investigación	9.08
investigador	9.08
investigar	8.08
invierno	4.66
invitación	5.90
invitado	5.58
invitados	5.82
invitar	5.56
inyección	4.44
ir	4.20
ira	9.18
iraq	10.14
iris	8.22
irlanda	9.34
ironía	9.96
irreal	8.82
irresponsable	7.46
irritación	8.34
irritar	7.38
irse	4.66
isla	4.42
islas	4.90
isósceles	10.04
italia	7.84
itinerario	9.86
izquierda	4.80
izquierdo	4.46
jabalí	6.86
jabón	3.16
jaleo	7.04
jamás	5.42
jamón	3.36
jaque	9.02
jaqueca	8.90
jarabe	4.70
jardín	4.18
jarra	4.12
jarrón	4.76
jaula	4.80
javier	4.10
jazmín	8.02
jazz	8.86
jeans	8.38
jefe	6.60
jerarquía	10.24
jeringuilla	6.44
jersey	5.30
jesús	4.98
jilguero	9.80
jinete	7.24
jirafa	3.40
joder	6.75
jorge	4.38
jornada	8.18
jornal	9.04
joroba	7.06
jorobado	5.12
josé	3.80
jota	7.29
joven	6.06
jóvenes	6.62
jovial	10.24
joya	5.18
joyas	6.24
juan	3.52
júbilo	10.30
jubiloso	10.14
judías	5.54
judicial	9.72
jueces	7.70
juega	3.00
juego	2.76
juegos	2.92
juerga	9.86
jueves	4.34
juez	8.44
jugada	6.64
jugado	4.46
jugador	4.94
jugadores	5.16
jugando	3.76
jugar	2.24
jugo	3.84
juguete	2.16
juicio	8.70
julio	5.10
jungla	7.14
junio	5.22
junta	10.00
juntar	5.24
junto	5.88
juntos	4.66
júpiter	7.56
jurado	8.78
juramento	7.74
justa	7.30
justamente	8.62
justicia	8.62
justo	7.64
juventud	7.70
juzgado	9.22
ketchup	4.88
kilo	6.54
kilómetro	7.32
kilómetros	7.68
kilos	6.92
kiwi	5.22
koala	6.64
la	3.14
labio	4.26
labios	3.70
labor	7.66
laboral	9.28
laboratorio	8.52
labrador	7.72
labriego	10.64
lacrimal	9.84
lácteo	8.48
ladera	7.74
lado	4.38
ladrar	3.86
ladrido	4.70
ladrillo	5.52
ladrón	5.52
lagartija	4.92
lagarto	4.70
lago	6.10
lágrima	3.86
lágrimas	4.60
lala	3.37
lámpara	3.78
lana	6.08
lancha	6.26
langostino	7.46
lánguido	10.28
lanza	6.42
lanzamiento	7.40
lanzarote	5.86
lapicero	4.78
lápiz	2.68
larga	4.98
largas	5.80
largo	5.26
largos	5.12
laringe	8.88
larva	8.06
las	3.42
láser	9.06
lástima	7.76
lata	4.06
latido	6.82
látigo	6.72
latín	9.58
latina	8.52
latir	6.86
latitud	9.72
laura	4.58
laurel	7.18
lava	6.82
lavabo	3.72
lavabos	5.44
lavadora	5.92
lavaplatos	7.90
lavar	4.90
lavavajillas	8.30
lazo	3.64
le	4.76
leal	9.32
lealtad	9.50
lección	6.52
leche	2.64
lechera	5.10
lecho	8.98
lechuga	4.70
lechuza	6.78
lector	7.00
lectura	5.24
leer	4.10
legal	8.74
legión	9.70
legua	8.64
leído	5.82
lejanía	6.64
lejano	6.68
lejos	3.72
lengua	3.22
lenguado	7.68
lenguaje	5.84
lenta	5.02
lente	8.24
lenteja	4.24
lentes	8.40
lentillas	9.38
lentitud	7.08
lento	4.08
leña	6.22
leñador	6.68
leo	5.74
león	2.98
leopardo	6.04
leotardo	6.58
lepra	9.06
les	5.20
lesbiana	10.38
lesión	8.04
letal	9.90
letra	3.62
letras	3.74
levadura	7.68
levantamiento	8.82
levantar	4.40
levantarse	3.00
leve	8.30
levita	10.60
ley	8.54
leyenda	7.58
leyendo	5.02
leyes	9.24
libélula	6.76
liberación	8.68
liberal	9.42
liberalismo	10.66
libertad	7.42
libra	8.56
libras	9.26
libre	6.16
librería	5.24
libres	6.46
libreta	4.30
libro	3.32
libros	3.98
licencia	9.62
licenciado	10.24
licor	7.72
líder	7.92
liebre	5.52
lienzo	8.62
liga	6.16
ligar	8.44
ligera	7.71
ligereza	9.26
ligero	7.02
lima	7.52
limitada	9.22
límite	7.78
limón	3.30
limonada	5.98
limonero	5.96
limpia	4.36
limpiar	3.76
limpieza	4.66
limpio	3.86
limusina	8.16
linaje	10.64
lince	7.40
línea	4.93
líneas	4.84
lingüística	9.86
lino	8.69
linterna	5.32
lío	6.59
lion	8.38
líquido	6.00
lira	9.76
lirio	8.94
lisa	5.08
liso	4.78
lista	5.70
listo	4.80
litera	5.60
literatura	9.24
litio	10.58
litro	6.44
llama	5.10
llamaba	5.52
llamada	5.14
llamadas	5.60
llamado	6.18
llamamos	5.32
llaman	5.00
llamar	4.36
llamas	6.00
llamo	4.40
llamó	5.24
llano	6.16
llanto	4.40
llanura	7.84
llave	3.58
llavero	5.20
llaves	4.60
llega	4.84
llegaba	5.46
llegada	5.78
llegado	5.52
llegamos	5.30
llegan	5.00
llegar	4.20
llego	4.62
llegó	4.48
llegue	5.54
llegué	5.20
llena	4.46
lleno	4.52
lleva	4.48
llevaba	5.66
llevado	6.38
llevamos	4.90
llevan	5.46
llevar	5.10
llevas	5.48
llevo	4.80
llevó	5.34
llorar	2.84
lloriqueo	4.14
lloro	3.98
llorón	4.14
llover	3.76
lluvia	2.96
lo	4.24
lobo	3.70
lóbrego	10.80
loca	4.98
local	8.04
localidad	8.04
localización	9.00
locas	5.72
loco	4.66
locos	5.20
locura	7.42
lógica	9.68
lógicamente	8.94
lógico	8.75
lograr	6.65
logro	8.56
loma	9.12
lomo	7.20
londres	8.05
longitud	8.34
lord	10.40
loro	3.90
los	3.68
lote	8.20
lotería	8.06
luces	3.78
lucha	5.72
luchador	6.58
luchar	5.42
lucía	4.56
lucifer	8.46
luego	5.72
lugar	4.92
lugares	5.12
luis	4.16
luisa	5.62
lujo	7.68
lujuria	10.54
lumbrera	10.30
luminosidad	8.02
luminoso	7.60
luna	3.80
lunar	5.88
lunera	8.90
lunes	3.72
lupa	6.22
lupas	6.82
lustro	9.80
luto	8.56
luz	3.18
lycra	8.92
macarrones	4.40
maceta	5.14
machín	9.91
macho	6.36
madera	6.02
madre	1.98
madres	2.34
madrid	7.36
madrileño	7.89
madrina	4.76
madrinas	6.04
madrugada	7.36
madurez	9.16
maestra	3.34
maestro	3.50
magdalena	3.70
magenta	9.02
magia	5.06
mágica	5.02
mágico	5.32
magistral	9.94
magna	10.48
magnesio	10.37
magnitud	9.84
mago	4.42
magos	4.86
mahoma	9.90
mail	10.24
maíz	5.38
majestad	7.26
mal	3.50
mala	3.48
malaria	10.32
malas	3.44
maldad	6.66
maleducado	4.90
malestar	7.66
maleta	3.84
maletero	5.30
malicia	8.70
mallas	7.12
mallorca	8.46
malo	3.36
maloliente	8.02
malos	3.36
maltrato	8.86
malvado	6.06
mamá	1.12
mamífero	6.94
manager	9.86
manantial	7.50
mancha	3.58
manchas	5.06
manda	5.20
mandamiento	7.42
mandar	5.60
mandato	6.98
mando	5.34
manejo	9.02
manera	7.04
maneras	6.88
manga	4.86
manganeso	10.76
mangas	5.20
mango	5.44
manguera	4.34
manía	8.40
maníaco	9.76
maniático	8.98
manicomio	8.52
manifestación	9.80
maniobra	9.26
maniquí	6.70
maníses	5.04
mano	2.22
manopla	6.54
manoplas	7.02
manos	2.96
manosear	6.70
mansión	6.98
manso	6.72
manta	3.20
mantel	4.66
mantener	6.78
mantequilla	4.36
mantiene	7.16
manto	7.00
manual	8.18
manuel	3.96
manzana	2.72
manzano	5.68
maña	8.84
mañana	3.70
mapa	6.06
mapache	7.82
mapas	6.84
maquillaje	7.20
máquina	4.86
maquinilla	6.76
mar	3.10
maracas	6.92
maravilla	6.76
maravillosa	6.92
maravilloso	6.70
marbella	9.10
marca	6.84
marcado	6.74
marcador	7.40
marcha	8.52
marchar	6.12
marcianas	7.62
marco	7.28
mareado	5.32
mareo	6.38
marfil	8.20
margarita	4.56
margen	6.70
maría	3.42
marido	5.28
marina	7.78
marinero	4.88
marioneta	4.70
mariposa	3.38
mariquita	4.44
marketing	10.60
mármol	7.94
marqués	8.16
marrón	3.40
marta	4.12
marte	7.88
martes	4.18
martillo	4.98
martini	10.32
mártir	10.00
martirio	9.44
marzo	4.52
más	3.34
masa	7.80
masacre	10.36
masas	8.88
máscara	5.28
mascota	5.16
masculino	5.74
masturbarse	9.54
matanza	8.58
matar	4.96
mate	8.24
matemática	6.10
matemáticas	5.10
matemático	7.00
materia	8.98
material	5.20
materiales	6.08
maternal	7.90
matiz	10.04
matrícula	7.90
matrimonial	8.92
matrimonio	6.36
matriz	10.24
maullar	5.18
maullido	5.84
máxima	8.48
máximo	7.00
maya	7.64
mayo	5.30
mayonesa	4.90
mayor	4.10
mayores	5.06
mayoría	7.52
mayúscula	4.92
mazmorra	8.02
mazorca	8.46
me	3.42
mecánica	7.88
mecánico	6.08
mecanismo	9.26
mecedora	7.02
mechero	5.54
medalla	5.44
media	6.64
medias	5.50
médica	5.84
medicamento	6.22
medicamentos	5.88
medicina	6.22
médico	3.62
médicos	4.68
medida	7.72
medidas	7.48
medieval	8.96
medio	6.42
mediodía	5.22
medios	7.30
medir	7.30
mediterráneo	8.28
médula	9.66
mejilla	5.20
mejor	4.16
mejora	7.44
mejorar	6.14
mejores	5.08
melancolía	9.42
melena	5.66
melocotón	4.34
melodía	7.26
melodías	7.80
melón	3.78
memoria	7.20
memorizar	6.72
mendigo	6.64
menguante	9.24
menor	6.20
menos	4.32
menosprecio	9.66
mensaje	6.84
menstruación	9.26
mensual	8.52
mental	8.68
mente	7.70
mentira	4.50
mentirosa	4.75
mentiroso	5.10
mentón	8.74
mercader	9.68
mercadillo	7.00
mercado	5.06
mercancía	8.28
merece	7.56
merengue	6.47
merienda	3.74
mérito	9.50
merluza	6.24
mermelada	4.68
mes	4.50
mesa	2.96
meses	4.98
meseta	8.46
mesilla	5.38
mesita	3.72
meta	7.14
metal	7.14
metálica	8.36
mete	4.24
meteorológico	9.54
meter	5.06
metido	5.54
método	9.18
metralleta	6.80
métrica	9.96
metro	6.86
metrópoli	9.66
metros	6.72
méxico	8.33
mezcla	6.64
mezquita	9.22
mi	3.12
mí	3.38
mía	3.08
micrófono	5.58
microondas	7.66
microscopio	8.00
miedo	3.60
miedoso	4.78
miel	4.42
miembro	7.76
miembros	7.72
mientras	6.74
miércoles	3.86
mierda	4.56
miguel	4.38
mil	6.36
milagro	6.82
milenio	9.34
mili	8.60
milicia	10.68
milímetro	7.90
milisegundo	9.57
militar	7.26
militares	7.26
milla	9.12
millo	4.64
millón	6.84
millonario	6.82
millones	6.64
mimbre	8.78
mina	7.80
minero	7.06
miniatura	7.50
minicadena	7.84
minifalda	7.34
mínima	7.56
mínimo	6.98
ministerio	9.94
ministro	9.70
ministros	9.38
minoría	8.58
minucioso	10.24
minuto	5.94
minutos	5.64
mío	2.36
miocardio	10.74
miopía	9.18
mira	3.34
mirada	5.38
mirando	5.40
mirar	2.52
mire	5.72
mis	3.68
misa	5.72
miseria	8.36
misil	8.96
misión	7.00
misma	5.92
mismas	6.10
mismo	5.40
mismos	5.16
misterio	7.72
místico	9.94
mitad	4.96
mitch	10.78
mito	9.20
mixta	7.62
mixto	7.58
mocedad	10.44
mochila	3.98
moco	2.84
mocos	2.66
moda	7.86
modalidad	9.80
modelo	6.62
moderación	8.82
moderado	9.02
moderno	7.50
modestia	9.70
modesto	8.76
modista	8.12
modo	7.08
mofeta	7.24
moflete	4.82
moho	8.18
mojada	5.12
mojado	3.54
molde	6.58
molécula	10.44
molesta	5.84
molestar	5.08
molestia	6.54
molesto	6.80
molino	5.24
momento	5.92
momentos	6.32
mona	4.66
monaguillo	7.64
monarca	9.14
monarquía	9.86
monárquico	9.92
monasterio	8.36
moneda	4.24
monedero	5.54
monja	5.60
monjas	5.88
monje	6.90
mono	2.90
monopatín	5.16
monos	3.84
monstruo	3.74
montada	8.06
montaña	3.72
montañas	4.04
montar	5.66
monte	4.36
montón	4.54
montura	9.24
monumento	8.44
moño	4.90
moqueta	8.40
mora	4.82
morada	8.16
morado	5.18
moral	9.50
moratón	5.66
morboso	10.06
morder	3.52
morena	4.91
moreno	4.56
morgue	10.40
morir	5.40
morse	9.50
mortal	7.94
mortalidad	9.00
moruno	9.90
mosca	3.84
mosquito	4.04
mosto	9.14
mostrar	6.18
mote	8.18
motivación	9.66
motivo	7.70
motivos	7.26
moto	3.72
motocicleta	6.54
motor	7.12
motora	8.92
mover	4.36
móvil	9.74
movilidad	8.86
movimiento	5.76
movimientos	6.32
mozo	8.40
mucha	4.78
muchacha	4.66
muchas	4.00
muchedumbre	9.32
muchísima	5.86
muchísimas	5.22
muchísimo	5.12
muchísimos	5.30
mucho	3.92
muchos	4.06
mucosidad	7.90
mudanza	7.32
mudo	6.34
mueble	4.10
muebles	4.94
mueca	6.94
muela	4.82
muelle	6.34
muerte	5.74
muerto	5.88
muertos	5.46
muestra	8.94
mueve	4.48
mugir	8.08
mugre	8.82
mujer	4.54
mujeres	4.18
mula	5.60
muleta	6.28
mulo	7.45
multa	8.24
multimedia	10.20
múltiple	8.44
multiplicación	6.38
multiplicar	6.78
multitud	8.16
mundial	7.66
mundo	4.80
munición	9.36
municipio	7.70
muñeca	2.66
muñecas	3.04
muñeco	2.44
muñequera	7.72
mural	6.52
muralla	6.60
murió	5.30
muro	4.52
mus	8.86
musa	9.94
músculo	5.96
musculoso	6.80
museo	6.72
música	3.82
musical	7.06
músico	6.16
muslo	4.72
mutación	9.66
mutilar	9.70
mutuo	9.32
muy	3.76
nacer	5.24
nacido	5.60
nacimiento	4.54
nació	4.34
nación	9.02
nacional	8.86
nacionalidad	8.72
naciones	9.06
nada	3.34
nadador	4.68
nadar	3.84
nadie	5.18
nailon	9.06
naipe	9.02
nana	3.80
naranja	3.26
naranjo	6.30
narcótico	10.80
nariz	2.54
narración	7.52
narrar	7.38
nasa	9.52
nasal	8.40
nata	5.00
natación	5.48
natalidad	9.26
natillas	4.22
natural	6.12
naturales	7.60
naturaleza	6.56
naturalmente	8.50
náufrago	9.06
náutico	9.16
navaja	7.26
navarra	9.04
nave	5.34
navegación	7.52
navidad	3.74
navío	9.20
neblina	6.94
necesario	7.22
necesidad	7.72
necesidades	7.80
necesita	5.18
necesitan	5.38
néctar	7.88
negación	6.68
negar	6.22
negativa	7.82
negativo	6.48
negligencia	10.00
negocio	8.94
negra	4.94
negro	3.26
negros	4.98
nene	2.20
nervio	8.04
nervios	7.62
nerviosismo	9.34
nervioso	6.94
neumonía	9.92
neurona	10.34
neurótico	10.48
nevada	6.70
nevera	4.02
ni	5.02
nicaragua	9.78
nido	4.42
niebla	6.36
nieto	5.78
nieve	4.16
ningún	5.18
ninguna	4.50
ninguno	4.35
niña	1.96
niñas	2.58
niñera	6.20
niñez	7.90
niño	2.44
niños	2.98
niqui	8.38
nivel	7.26
no	1.86
nobiliario	10.52
noble	8.40
nobleza	9.70
noche	3.22
noches	3.43
nochevieja	5.30
noción	10.22
nogal	9.70
nombramiento	9.72
nombre	3.00
nombres	3.48
nono	5.54
noria	4.76
norma	5.42
normal	6.26
normalmente	8.32
normas	5.56
norte	6.22
noruega	8.86
nos	5.62
nosotras	4.42
nosotros	4.22
nota	5.27
notario	10.46
notas	5.58
noticia	6.70
noticias	6.64
notificación	9.90
novecientos	6.82
novedad	8.35
novela	7.26
novelista	9.40
noventa	5.97
novia	5.94
noviembre	4.94
novio	4.86
novios	5.14
nube	3.04
nubes	3.28
nublado	5.04
nuca	6.88
nuclear	10.00
núcleo	8.92
nudo	5.08
nuera	8.14
nuestra	4.68
nuestras	4.61
nuestro	4.50
nuestros	4.28
nueva	4.06
nuevas	4.64
nueve	3.72
nuevo	4.46
nuevos	4.48
nuez	5.46
nula	9.42
nulo	8.34
número	3.38
números	3.76
nunca	5.10
nupcial	9.20
nutrir	8.72
o	3.08
obedecer	3.94
obediencia	6.48
obesa	8.46
obesidad	8.48
obispo	7.84
objeción	10.27
objetivo	8.86
objeto	6.26
obligación	7.82
obligatoria	7.50
obra	6.78
obras	6.62
obrero	6.58
obreros	6.68
obsceno	10.34
obsequio	7.90
observación	7.80
observar	6.66
obsesión	8.96
obstáculo	8.14
ocasión	8.38
ocasiones	7.74
ocaso	9.88
occidental	8.56
occidente	9.20
océano	6.28
ochenta	5.80
ocho	3.76
ochocientos	6.52
ocio	8.72
octubre	5.22
ocular	9.10
oculista	6.86
ocultar	6.69
oculto	7.34
ocupación	8.46
ocupacional	9.78
ocurre	6.26
ocurrencia	8.88
ocurrido	6.72
ocurrió	6.20
ocurrir	6.46
oda	10.36
odiar	5.34
odio	6.08
odiosa	7.92
oeste	7.02
ofender	7.62
ofensa	8.78
oferta	7.68
oficial	8.54
oficina	7.26
oficio	8.04
oído	4.24
oiga	5.76
oír	3.70
ojal	8.90
ojalá	6.30
ojeriza	10.14
ojo	2.72
ojos	2.66
olas	4.14
óleo	8.74
oler	3.72
olfatear	7.60
olfato	5.80
oliva	7.76
olivo	7.28
olla	6.16
olor	3.80
olvidar	5.18
olvido	6.62
ombligo	4.62
omóplato	9.80
once	4.40
onda	8.20
ong	9.78
opción	8.90
opciones	8.10
opera	7.94
operación	6.36
opinión	7.70
oponente	9.62
oportunidad	8.14
oposición	9.38
opresión	10.22
óptica	8.38
óptico	8.36
optimismo	9.54
opuesto	8.20
oración	6.58
orador	9.16
oral	8.42
orangután	6.74
orar	7.36
orbe	10.64
orbita	9.54
orden	5.58
ordenado	5.10
ordenador	7.80
ordenar	4.60
ordeñar	6.42
orégano	7.18
oreja	2.64
orejas	2.90
orejeras	7.72
orgánica	10.06
organización	8.80
órgano	7.38
orgasmo	10.40
orgullo	8.70
orgulloso	7.92
orientación	9.28
oriental	8.68
oriente	8.28
orificio	8.94
origen	7.94
original	7.76
orilla	4.50
orina	4.22
oro	5.42
orquesta	6.72
oruga	5.68
orujo	10.16
os	6.60
oscura	4.62
oscuridad	4.20
oscuro	4.02
ósea	10.02
oso	3.36
ostra	7.38
otan	10.54
otoño	4.72
otra	3.36
otras	5.08
otro	4.66
otros	4.12
ovario	9.32
oveja	3.50
ovejas	3.98
ovni	8.66
óvulo	9.66
oxford	9.92
oxidado	7.50
oxígeno	7.96
oye	3.62
oyentes	8.22
oyes	4.40
pa	2.02
pablo	4.18
paciencia	7.50
paciente	6.58
pack	9.28
pacto	9.34
padre	1.72
padres	2.64
padrino	5.80
paga	7.58
pagado	6.42
pagan	5.54
pagar	5.38
página	4.72
pago	7.42
país	6.28
paisaje	4.86
países	6.96
paja	7.00
pajarita	7.28
pájaro	3.42
pájaros	3.72
pala	4.42
palabra	4.14
palabras	4.44
palacio	5.56
palco	10.02
palencia	9.22
palestina	9.62
paleta	5.96
paliza	8.12
palma	4.53
palmada	3.66
palmas	3.88
palmera	4.00
palo	4.52
paloma	3.22
palomitas	4.44
palpar	7.38
pan	2.32
pana	8.04
panal	7.88
pancarta	7.92
páncreas	9.70
panda	5.68
pandereta	4.90
pandora	9.14
panera	7.54
panfleto	8.70
pánico	8.30
panorama	9.40
pantalla	5.70
pantalón	2.88
pantalones	3.42
pantano	7.14
pantera	5.94
pantorrilla	8.32
panty	7.92
panza	5.30
paño	4.88
pañuelo	4.24
papa	2.20
papá	1.74
papas	3.24
papel	3.16
papeleo	8.48
papelera	3.88
papeles	4.22
papeleta	8.76
paquete	4.52
par	6.72
para	3.62
parabólica	8.89
parada	5.94
parado	6.28
paradoja	10.24
paraguas	3.56
paragüero	8.20
paraíso	6.06
parálisis	9.34
paranormal	9.92
parapara	5.14
parar	4.08
parche	6.79
parchís	4.76
pardo	8.00
parece	5.46
parecen	5.48
parecer	6.68
parecía	6.66
parecido	6.40
pared	4.30
pareja	6.30
paren	6.40
paréntesis	7.88
pareo	7.84
parís	7.75
parlamento	10.30
paro	9.42
párpado	5.64
parque	2.90
párrafo	7.38
párroco	8.08
parroquia	6.44
parte	5.90
partes	5.66
participación	6.98
participar	5.34
partícula	10.14
particular	7.16
particulares	8.50
particularidad	10.30
partida	5.90
partido	5.00
partidos	6.02
partir	4.58
pasa	4.46
pasaba	5.80
pasada	6.78
pasado	6.80
pasaje	7.86
pasajero	7.20
pasamos	5.76
pasan	4.94
pasando	5.86
pasaporte	8.62
pasar	4.56
pasarela	8.06
pase	5.98
pasear	4.88
paseo	4.42
pasillo	4.52
pasión	9.56
paso	3.92
pasó	4.82
pasodoble	8.06
pasos	4.32
pasota	8.04
pasotismo	9.78
pasta	5.88
pastel	3.18
pasto	6.78
pastor	5.04
pata	4.10
patada	4.54
patas	3.66
patata	3.86
patatas	5.00
patente	10.34
patillas	8.00
patín	5.78
patinar	5.10
patio	3.36
pato	3.06
patos	3.20
patria	9.56
patrimonio	10.48
patriota	8.74
patriotismo	10.24
patrón	9.10
patronato	10.40
patrono	10.10
pausa	7.38
pausado	8.14
pavor	10.28
payaso	3.68
payasos	3.56
payo	9.78
paz	5.54
pe	3.51
peatón	7.30
pecado	6.56
pecaminoso	10.38
pecera	3.96
peces	3.68
pecho	5.36
pechos	6.92
pedazo	5.28
pedido	7.58
pedir	4.54
pedo	3.30
pedro	4.06
pegamento	4.24
pegar	3.98
pegatina	4.12
peinado	4.48
peinar	3.48
peine	3.22
pelea	3.90
película	3.78
películas	4.28
peligro	4.26
peligrosa	5.54
peligroso	4.74
pellizco	4.24
pelo	2.60
pelos	2.80
pelota	2.32
pelotero	8.08
peluche	2.14
peludo	4.66
peluquería	5.76
pelvis	9.62
pena	6.96
penal	9.90
pendiente	5.64
pendientes	5.78
pene	6.50
penetrante	9.54
península	7.30
penoso	8.22
pensaba	5.34
pensado	6.14
pensador	8.70
pensamiento	6.98
pensamos	6.34
pensando	5.20
pensar	5.72
pensión	8.90
penumbra	9.80
penuria	10.46
peonza	6.86
peor	4.74
pequeña	2.68
pequeñas	3.60
pequeñez	7.14
pequeño	3.30
pequeños	3.76
pera	2.84
peral	6.02
percepción	8.94
percha	4.86
perchero	6.40
perdedor	5.84
perder	5.12
perdida	5.80
pérdida	5.80
perdidas	5.90
pérdidas	8.20
perdido	5.58
perdiz	7.54
perdón	3.78
perdona	4.32
perdonar	4.62
perdone	5.92
peregrinación	9.86
perejil	5.90
pereza	7.62
perezoso	8.50
perfección	7.92
perfectamente	8.06
perfecto	6.14
perfil	8.38
perfume	6.60
periódico	5.59
periódicos	6.06
periodista	8.24
periodistas	7.68
periodo	8.90
período	8.46
periquito	5.06
perjudicial	9.06
perla	7.36
perlas	6.84
permanecer	7.49
permiso	5.88
permite	7.08
permitir	6.96
pero	4.92
peroné	9.70
perplejidad	10.36
perro	2.58
perros	2.88
persa	10.12
persecución	8.56
persecutoria	10.10
perseguir	6.14
perseverancia	10.54
persiana	6.32
persistencia	10.20
persistente	9.96
persona	4.20
personaje	6.10
personajes	5.94
personal	9.16
personales	8.17
personalidad	9.08
personalizar	9.60
personalmente	9.18
personas	4.20
perspectiva	10.14
perspicaz	10.60
pertenece	7.58
pertenencia	8.56
perverso	8.90
pervertido	9.12
pesada	4.98
pesadez	7.92
pesadilla	5.48
pesado	5.12
pesadumbre	10.44
pésame	9.76
pesar	6.14
pesaroso	10.82
pesas	7.78
pesca	5.94
pescado	3.42
pescar	5.44
peseta	4.29
pesetas	4.45
pesimismo	10.28
peso	5.28
pesquisa	10.88
pestaña	4.40
pestañas	4.50
peste	7.64
pétalo	6.10
pétalos	5.84
petición	8.22
peto	6.24
petróleo	8.46
petunia	8.35
pez	2.40
pezón	6.62
piadosa	9.34
piano	5.52
pica	3.28
picadura	5.28
picar	4.52
pichi	8.50
pico	5.14
picor	3.96
pide	4.20
piden	4.72
pidiendo	5.22
pido	4.04
pie	2.42
piedra	3.34
piedras	3.80
piel	3.76
piensa	5.20
piensas	5.42
pienso	5.44
pierde	4.52
pierna	3.98
piernas	3.34
pies	3.58
pieza	5.42
piezas	5.04
pijama	3.34
pijo	9.18
pila	5.18
pilar	7.78
piloto	6.38
pimentón	7.42
pimienta	6.20
pimiento	5.74
pincel	4.28
pincha	4.62
pinchar	5.12
pinchazo	5.18
pincho	5.20
pineal	10.80
pingüino	4.42
pino	4.76
pinocho	3.52
pinta	5.54
pintalabios	5.14
pintar	2.52
pintor	5.08
pintura	4.00
pinza	5.02
pinzas	7.02
piña	4.20
piojo	4.58
piojos	4.60
pipa	5.78
pipas	5.96
piragua	8.55
pirámide	6.80
pirata	4.16
piropo	8.44
pirotecnia	9.62
pis	1.80
pisar	3.76
piscina	4.06
piso	5.64
pisos	5.78
pista	6.44
pistola	6.00
pito	4.18
pitón	8.38
pizarra	3.98
pizza	5.70
placa	7.98
placer	9.06
plan	7.44
plana	6.80
plancha	4.84
planchar	6.10
planeta	6.94
plano	7.40
planta	4.65
plantas	3.94
planteado	8.56
plasta	7.18
plástico	5.02
plata	6.76
plátano	3.26
plateado	6.32
platillos	6.14
platino	9.58
plato	3.30
platón	10.74
platos	3.48
playa	3.20
playmobil	5.04
plaza	5.38
plazo	8.90
plegaria	9.00
pleito	8.88
plena	8.64
pleno	8.72
pliego	9.96
plomo	7.68
pluma	5.48
plumas	4.90
plumífero	10.22
plural	7.10
plus	9.50
población	8.44
pobre	5.80
pobres	5.16
pobreza	6.58
poca	4.72
pocas	4.26
poco	2.94
pocos	4.03
podamos	6.59
podéis	6.44
podemos	4.96
poder	6.48
poderoso	7.08
podía	5.44
podíamos	6.12
podían	5.74
podido	6.02
podio	9.26
podrá	6.12
podrán	6.04
podría	6.58
podríamos	6.34
podrían	6.28
podrido	5.80
poema	7.60
poesía	8.02
poeta	8.14
polar	7.62
polémica	10.32
polen	7.38
policía	4.50
poliéster	9.64
polilla	7.84
política	8.64
políticas	8.80
político	9.06
políticos	8.36
pollo	3.64
polo	3.96
polvo	5.38
pólvora	8.72
pomelo	7.42
pomo	7.66
poncho	8.60
pone	3.72
ponemos	5.06
ponen	4.76
poner	4.68
ponerse	4.78
pones	4.50
ponga	6.16
pongo	5.12
ponía	5.80
poniendo	5.36
pontífice	10.32
pontificia	10.71
ponzoña	10.94
pop	8.00
popular	8.24
popularidad	9.18
poquito	3.64
por	4.56
porcelana	7.42
porche	8.72
porción	7.16
porque	3.62
porquería	6.50
portabilidad	10.32
portada	7.20
portal	6.34
portalibros	8.26
portátil	9.32
portavoz	8.70
portería	6.62
portero	6.22
portugal	8.30
posaplatos	8.68
poseer	8.02
posesión	8.27
posibilidad	8.44
posibilidades	8.68
posible	6.70
posiblemente	8.16
posición	6.42
positiva	7.46
positivo	7.08
postal	6.16
póster	6.28
posterior	7.86
postre	3.74
postura	7.78
potaje	3.12
potasio	9.98
potencia	9.76
potro	7.36
pozo	5.84
práctica	8.18
prácticamente	8.52
pradera	5.76
prado	5.84
precaución	7.02
precedente	10.38
precio	5.24
precioso	5.40
precipicio	8.00
precisamente	8.86
precisión	9.98
preciso	9.08
predicado	8.94
predilección	9.76
predominante	9.88
predominio	8.62
preferencia	8.14
preferido	5.54
preferir	5.22
prefiero	5.86
prefijo	8.52
pregón	9.42
pregunta	4.60
preguntado	6.52
preguntar	4.54
preguntarle	6.08
preguntas	5.26
pregunto	4.88
prejuicio	10.36
premio	4.58
premios	4.44
prenda	6.64
prensa	7.61
preocupa	7.24
preocupación	8.22
preocupar	7.42
preparación	7.50
preparado	6.42
preposición	9.26
presa	7.54
presencia	8.74
presenta	6.18
presentación	7.54
presentado	6.86
presentar	6.16
presente	6.96
presidencia	9.54
presidente	7.90
presidio	10.64
presión	9.22
preso	6.76
prestigio	10.30
presumido	6.52
presupuesto	10.22
presupuestos	9.92
pretende	7.92
pretender	8.82
pretendiente	8.74
pretensión	9.82
pretexto	10.00
prevención	9.72
previa	9.62
previsto	8.80
prima	3.60
primaria	5.42
primavera	4.66
primer	5.00
primera	4.34
primeras	4.56
primero	4.34
primeros	4.60
primo	3.36
princesa	3.58
principal	7.46
principales	7.46
príncipe	3.98
principio	5.84
principios	7.30
prisa	4.88
prisión	7.75
prisionero	7.66
prismáticos	7.36
privacidad	8.84
privada	7.34
privado	7.74
privilegio	8.90
probabilidad	9.94
probable	8.62
probablemente	8.28
probeta	10.42
problema	6.68
problemas	6.56
procedencia	9.56
procedimiento	9.58
procesión	6.78
proceso	9.00
prodigiosa	9.64
producción	8.84
produce	7.84
producido	7.56
producir	8.10
producto	7.46
productor	9.34
productos	7.28
proeza	10.28
profesión	6.82
profesional	8.82
profesionales	8.30
profesor	3.34
profesora	3.22
profesores	4.28
profeta	8.70
profunda	7.02
profundidad	8.36
profundo	7.66
programa	5.64
programas	5.96
progreso	8.76
prohibición	6.10
prohibido	4.96
prójimo	8.92
prólogo	10.22
promesa	6.32
promoción	9.26
pronombre	8.60
pronto	4.86
propaganda	7.72
propano	10.45
propia	7.32
propiedad	8.74
propietario	8.94
propio	7.28
propios	7.36
proporción	9.55
proposición	9.44
propósito	9.36
propuesta	9.68
prosa	10.00
prosperidad	9.56
protagonista	7.50
protagonistas	7.20
protección	7.90
proteger	6.98
protegido	6.36
protesta	8.42
prototipo	10.46
provecho	9.30
providencia	10.34
provincia	8.20
provincial	9.54
provisión	9.82
próxima	7.20
proximidad	8.00
próximo	6.78
próximos	7.40
proyección	9.40
proyecto	9.80
proyector	9.52
proyectos	8.94
prudencia	8.98
prueba	6.88
pruebas	5.98
psicoanálisis	10.90
psicología	9.64
psicológico	10.12
psicólogo	9.38
psiquiatra	10.32
psiquiátrico	9.72
psíquico	10.46
púa	8.18
púas	7.22
pub	10.32
pubertad	9.90
pubis	9.28
pública	7.81
publicación	8.56
públicas	7.78
publicidad	6.64
publicitario	9.24
público	6.84
públicos	7.08
puchero	6.16
pudiera	6.60
pudor	10.18
pueblo	5.00
pueblos	5.48
pueda	5.84
puedan	5.80
puede	4.94
pueden	4.96
puedes	4.62
puedo	3.98
puente	4.40
puerro	7.44
puerta	2.64
puertas	3.34
puerto	5.54
pues	6.04
puesto	6.80
puestos	6.78
puf	8.40
pugna	10.44
pulga	5.86
pulgas	5.46
pulmón	7.76
pulmones	6.44
pulsera	4.78
puma	6.92
punta	6.04
puntapié	7.28
punteo	8.80
punto	4.66
puntos	4.92
puntuación	6.58
puntual	8.28
punzante	7.02
punzón	6.32
puñal	8.18
puñetazo	6.00
puño	4.82
pupila	7.74
pupitre	4.18
pura	8.66
puré	4.34
pureza	8.26
puro	6.38
pus	6.60
pusieron	5.32
puso	4.78
puta	6.74
putrefacto	9.60
puzzle	3.88
que	3.00
qué	3.80
quebrado	9.98
queda	5.80
quedaba	5.92
quedado	6.36
quedamos	6.94
quedan	4.72
quedar	6.36
quedarse	4.16
quede	6.12
quedo	5.62
quedó	5.38
queja	7.02
quema	5.04
quemadura	5.00
quemar	4.54
queque	6.94
queréis	6.02
queremos	5.12
querer	3.98
quería	4.48
querían	5.10
querida	6.00
querido	6.27
queroseno	10.46
queso	2.98
quien	4.54
quién	4.02
quienes	5.26
quiera	5.46
quieran	6.04
quieras	5.38
quiere	3.90
quieren	5.00
quieres	3.76
quiero	3.15
quieto	3.93
quietud	9.62
quijote	9.60
quimera	10.44
química	9.80
químicas	9.84
químico	9.56
quince	4.76
quinientas	6.38
quinientos	6.60
quinta	6.20
quinto	5.83
quirúrgica	10.04
quisiera	6.58
quita	3.96
quitado	5.42
quitar	4.20
quitarse	5.49
quizá	6.96
quizás	6.78
rábano	7.42
rabia	6.28
rabieta	5.64
rabo	4.18
ración	7.88
racismo	9.34
radiador	8.30
radiante	8.32
radical	9.46
radio	3.82
raíl	7.54
raíz	6.14
rallador	7.26
rama	5.40
ramificación	10.16
ramo	5.50
rana	3.64
rancio	8.36
rango	9.92
rapaz	9.08
rápida	5.56
rápidamente	6.80
rapidez	6.56
rápido	3.70
rapto	8.74
raquel	4.00
raqueta	5.10
rareza	9.28
raro	5.22
rasa	8.92
rascacielos	7.04
rasera	10.66
rasgo	8.98
rasguño	7.08
raso	9.21
rastro	8.46
rata	3.82
rato	4.58
ratón	3.52
raya	3.68
rayas	3.60
rayo	5.14
raza	7.42
razón	7.33
razonamiento	9.08
razonar	8.46
razones	7.02
reacción	8.96
reaccionar	7.94
real	6.72
realeza	7.86
realidad	7.48
realismo	9.38
realización	8.86
realizado	7.52
realizar	6.80
realmente	7.86
rebajas	8.58
rebaño	6.46
rebeca	5.42
rebelde	7.90
rebeldía	8.48
rebelión	9.78
rebote	7.32
recado	6.44
recargar	9.38
recelar	10.40
recelo	10.20
recepción	8.42
receta	7.50
rechazado	7.40
rechazo	8.16
recibido	7.08
recibidor	7.80
recibir	6.34
recibo	8.80
reciclar	8.60
reclamo	8.92
reclusión	10.46
recogedor	6.24
recoger	4.20
recompensa	7.46
reconocer	7.32
reconocido	7.54
reconocimiento	9.46
reconstrucción	9.32
recordar	5.64
recorrido	6.90
recreo	3.70
recriminación	10.26
recta	5.90
rectificar	8.72
recto	5.40
rector	10.68
recuerda	5.94
recuerdo	6.04
recuerdos	7.30
recurso	9.56
recursos	8.84
red	6.48
redacción	8.14
redonda	3.86
redondo	4.38
referencia	9.08
refiere	8.48
refiero	8.14
reflejo	6.94
reflexión	8.96
reforma	8.94
refrán	7.34
refresco	4.60
refrigerio	9.48
refugiado	8.20
refugiados	9.44
refugio	8.00
regadera	5.32
regalo	2.82
régimen	9.50
regimiento	10.16
región	8.94
registro	8.94
regla	5.12
reglamento	9.42
reglas	5.82
regreso	6.54
rehén	8.88
reina	4.28
reinado	7.44
reino	6.18
reír	3.02
reja	5.40
rejas	6.80
relación	8.38
relaciones	8.18
relajación	8.32
relajado	6.46
relámpago	6.16
relato	8.16
relax	8.76
relevancia	10.16
relevante	10.12
relieve	8.42
religión	5.06
religiosa	6.56
religioso	6.14
reloj	4.38
remediar	8.20
remedio	7.34
renacimiento	10.44
rencor	9.20
rendija	7.52
rendimiento	7.66
renovar	9.34
renta	9.92
reo	10.44
reparación	8.26
repartir	5.46
reparto	6.78
repente	8.04
repercusión	10.41
repertorio	9.20
repisa	5.50
repito	5.80
réplica	10.04
repollo	8.18
reposo	7.24
repostero	8.48
representación	8.60
representante	8.70
representantes	8.88
represión	10.38
reproche	9.50
reproducción	9.38
reptil	7.18
república	10.10
republicano	10.50
repugnancia	9.16
repugnante	7.92
repulsión	9.68
reputación	9.64
requisito	10.18
rescatar	6.86
rescate	7.48
resentimiento	10.20
resentirse	9.44
reserva	9.18
reservado	7.94
resfriado	5.08
residencia	7.88
residir	8.84
resistencia	8.65
resolución	9.96
resolver	7.38
resorte	7.14
respaldo	9.12
respecto	8.82
respetar	6.04
respeto	5.90
respetuoso	6.40
respingona	8.04
respiración	6.22
respirar	4.28
resplandor	9.04
responder	5.40
responsabilidad	7.90
responsabilidades	8.66
responsable	7.58
respuesta	5.68
resta	5.82
restar	5.56
restaurante	5.38
resto	6.46
resulta	7.58
resultado	6.40
resultados	6.72
resumen	7.72
resurrección	8.00
retener	8.48
retirada	8.08
retiro	9.36
reto	8.54
retórica	10.72
retrasado	6.90
retraso	7.67
retrato	6.80
retrete	5.28
reunión	7.76
reverencia	9.22
reverendo	8.74
reverente	10.14
revertido	10.58
revertir	10.30
revés	7.50
revisión	7.80
revista	5.84
revistero	8.34
revolución	9.60
revólver	7.30
revuelo	9.12
revuelta	8.14
rey	4.50
reyes	3.78
rezar	5.24
rezo	5.16
rica	4.94
rico	4.64
ricos	5.70
riego	7.80
riesgo	8.50
rifa	7.42
rifle	7.80
rigidez	8.96
rígido	8.80
rigor	10.00
rima	7.82
rímel	9.12
rincón	5.02
rinconera	8.52
rinoceronte	6.00
riña	5.94
río	4.88
riqueza	7.16
risa	3.24
risas	4.04
rítmica	7.58
ritmo	7.42
rival	7.68
rizado	5.90
rizos	4.78
robar	5.82
roble	6.94
robo	6.14
robot	6.10
roca	4.18
roce	8.36
rock	7.92
rodar	5.54
rodilla	3.62
rodillera	7.34
rodillo	6.82
roja	3.64
rojas	4.98
rojo	2.94
rojos	4.02
roll	10.38
rollo	6.94
roma	8.48
romana	7.52
romance	8.56
romano	8.52
romanos	8.34
romanticismo	9.16
romántico	8.04
romero	8.26
romper	4.06
ron	9.34
roña	8.60
ropa	2.80
ropero	7.08
rosa	3.66
rosado	3.84
rosal	5.76
rosario	6.88
rosas	4.42
rostro	6.86
rota	4.34
rotas	4.66
roto	3.62
rotos	4.28
rótula	9.36
rotulador	3.58
rótulo	9.40
rotura	6.84
rubí	8.28
rubia	4.78
rubidio	10.84
rubio	4.54
rubor	10.22
rúbrica	10.14
rueca	9.52
rueda	3.04
ruedas	4.22
ruego	8.16
rugby	8.34
rugir	5.70
rugoso	7.58
ruido	4.28
ruidosa	6.38
ruidoso	5.30
ruina	8.08
ruleta	6.46
rumba	8.32
rumbo	8.22
rumor	8.48
ruptura	8.84
rural	8.94
rusa	7.80
rusia	8.29
ruso	8.52
rústico	9.40
ruta	8.08
rutina	8.78
sábado	4.24
sábana	4.14
sabe	4.58
sabéis	6.10
sabemos	5.58
saben	4.86
saber	5.50
sabes	4.22
sabía	5.30
sabiduría	8.84
sabio	8.08
sable	8.58
sabor	4.52
sabrosa	6.80
sabroso	6.16
saca	4.60
sacado	6.04
sacar	4.69
sacerdote	6.32
saciedad	9.36
saco	4.64
sacrificio	8.36
safari	8.12
sal	4.60
sala	5.58
salado	4.76
salamanca	8.82
salario	9.60
saldo	10.02
sale	5.04
salen	5.04
salero	6.92
sales	4.92
salga	5.62
salgo	5.14
salía	5.90
salida	4.96
salido	6.90
saliendo	5.94
salió	4.74
salir	3.52
salita	6.18
saliva	4.68
salival	9.86
salmón	6.74
salón	4.10
salsa	4.86
saltamontes	4.74
saltar	3.26
salto	3.80
saltos	3.74
salud	6.84
saludar	3.20
saludo	3.96
salvación	7.62
salvador	7.28
salvaje	6.70
salvar	5.80
salvavidas	7.22
salvo	6.84
samba	8.34
san	5.92
sana	6.04
sanatorio	9.44
sancho	8.58
sandalia	4.16
sandalias	5.22
sandía	4.14
sándwich	4.48
sangre	4.10
sangriento	7.58
sanguíneo	8.92
sanidad	9.10
sano	6.50
santa	6.88
santiago	6.72
santo	6.16
santos	6.32
santuario	8.98
sapo	4.08
saque	6.68
sara	3.68
sarampión	6.82
sarcasmo	10.50
sardana	10.14
sardina	5.66
sargento	7.80
sartén	4.50
satán	8.90
satanás	8.22
satisfacción	9.20
satisfacer	9.06
satisfecho	7.76
saturno	7.98
sauce	8.59
sazón	10.38
scalextric	6.38
se	4.72
sé	4.70
sea	7.06
sean	6.40
seca	4.44
secador	6.18
secadora	7.58
sección	9.30
seco	5.14
secretaria	7.08
secretario	7.50
secreto	5.22
sector	9.62
secuestro	8.35
secundaria	9.26
sed	2.54
seda	7.10
sede	10.26
segovia	8.92
seguida	6.30
seguido	6.74
seguidor	8.24
seguimiento	9.30
seguimos	5.26
seguir	4.70
según	5.90
segunda	4.80
segundo	4.44
segundos	5.40
segura	6.08
seguramente	7.90
seguridad	6.76
seguro	7.02
seis	3.15
seiscientos	6.76
selección	8.62
seleccionar	8.16
selectiva	9.84
sello	6.82
sellos	7.06
selva	5.80
semáforo	5.24
semana	4.40
semanal	7.36
semanas	5.06
semblante	10.20
sembrar	5.66
semejanza	8.46
semilla	5.30
senador	9.66
sencillamente	8.08
sencillez	8.36
sencillo	6.44
sendero	7.52
senil	10.24
seno	8.94
sensación	7.76
sensibilidad	8.40
sensual	9.90
sentado	3.64
sentar	3.46
sentarse	3.70
sentencia	10.26
sentido	7.40
sentimiento	7.50
sentir	7.28
seña	7.98
señal	6.20
señalar	3.86
señor	4.46
señora	4.32
señoras	5.38
señores	5.36
señorita	4.82
sepa	6.44
separación	6.78
separado	6.36
septiembre	5.10
séptimo	6.18
sepultura	9.40
ser	7.02
será	5.92
serán	5.96
serenidad	9.86
sereno	7.84
sería	6.37
serían	6.12
serie	6.24
seriedad	7.74
serio	5.18
sermón	8.40
serpiente	4.64
serrano	6.79
servicio	6.96
servicios	7.28
servidor	8.58
servidumbre	9.76
servilleta	3.56
servir	7.18
sesenta	5.78
sesión	8.76
seta	6.40
setenta	5.72
sevilla	7.58
sevillanas	7.16
sexo	8.06
sexto	5.12
sexual	8.46
sexualidad	9.00
sexy	8.48
shorts	7.90
si	1.64
sí	1.98
sida	10.02
sido	5.94
sidra	8.72
siempre	5.18
sien	9.32
siendo	6.58
siente	6.06
siento	5.06
sierra	7.44
siesta	5.00
siete	3.84
sífilis	10.84
siga	6.36
siglo	8.22
significa	5.96
significación	9.50
significado	6.62
signo	7.10
sigue	5.56
siguen	5.44
siguiente	6.00
silbato	5.56
silencio	3.24
silla	3.18
sillón	4.62
silueta	7.38
símbolo	7.42
similar	8.42
similitud	9.42
simpatía	7.20
simpático	5.26
simple	7.68
simplemente	8.20
simplicidad	10.24
sin	5.00
sinceridad	8.16
sincero	7.54
sindicato	10.60
sindicatos	10.30
sinfonía	8.72
sinfónica	9.26
singular	7.46
sino	6.78
síntesis	10.02
sintético	9.92
síntoma	9.60
sinvergüenza	7.06
siquiera	8.37
sirena	4.48
sirve	4.70
sirvienta	7.46
sirviente	7.02
sistema	9.46
sitio	4.68
sitios	4.98
situación	7.86
situaciones	7.66
slips	9.90
sms	10.62
snob	10.32
sobre	5.56
sobrecogido	9.96
sobrenombre	9.80
sobresaliente	7.26
sobresaltado	8.56
sobresalto	8.34
sobriedad	10.42
sobrino	6.10
sociable	8.62
social	9.34
sociales	8.16
socialismo	10.66
socialista	10.54
sociedad	8.94
socorro	5.46
soda	6.98
sodio	10.20
soe	8.63
sofá	4.58
soga	5.62
sois	6.76
soja	9.52
sol	2.92
sola	4.93
solamente	7.22
solar	8.12
soldado	5.86
soldados	6.76
soleado	4.56
soledad	8.46
solemne	10.22
solemnidad	10.54
solidaridad	8.36
solidez	8.96
sólido	8.00
solitario	6.94
solo	4.30
sólo	3.70
soltar	4.20
soltero	8.16
solución	6.24
sombra	4.84
sombrero	3.44
sombrilla	5.88
somos	4.30
son	5.84
sonajero	3.24
sonar	4.62
sonata	9.52
sonido	4.88
sonora	7.54
sonrisa	4.22
soñar	4.58
sopa	3.12
sopera	6.58
soplar	3.92
soportar	7.46
soporte	8.62
sordo	5.06
soria	8.86
sorprender	6.38
sorprendido	6.12
sorpresa	4.52
sorteo	6.92
sos	9.30
sosiego	10.30
soso	7.56
sospecha	8.60
sospechoso	7.78
sotana	8.76
sótano	6.88
soviética	9.96
soy	3.32
spray	6.36
stop	6.62
su	4.20
suave	4.64
suavidad	4.50
subasta	9.20
sube	3.70
subida	4.36
subir	3.82
sublevación	10.72
submarino	6.96
substancia	9.92
suburbio	10.10
sucede	7.02
sucesión	9.84
suceso	9.58
sucia	4.18
suciedad	4.98
sucio	3.50
sudadera	6.74
sudor	5.52
sudorípara	10.40
suegra	8.76
suegro	8.22
suela	6.28
sueldo	8.56
suele	7.02
suelen	7.26
suelo	3.14
suena	4.68
sueño	3.90
sueños	5.00
suerte	6.00
suéter	4.26
suficiente	7.12
sufijo	9.18
sufrimiento	8.14
sufrir	7.56
sugestión	9.10
suicidio	8.58
suiza	8.92
sujetador	6.84
sujetar	5.98
sujeto	8.80
sulfúrico	10.49
suma	5.10
sumar	4.86
sumisión	10.40
superdotado	8.46
superficial	9.60
superficie	8.54
superior	7.52
supermercado	4.30
superstición	9.56
supervivencia	9.18
súplica	9.28
supone	7.50
supongo	7.74
suposición	10.20
suprarrenal	10.86
suprema	9.78
supremo	9.68
supuesto	8.72
sur	6.14
surco	8.34
surrealismo	10.52
sus	4.58
suspense	8.44
suspenso	6.64
suspiro	7.16
sustantivo	8.66
sustento	9.98
susto	4.00
suyo	5.38
tabaco	6.60
taberna	9.06
tabique	8.88
tabla	4.92
tablero	5.96
taburete	5.14
taco	7.24
tacón	5.56
tacto	6.92
tal	6.88
taladro	7.14
talento	8.24
talle	9.98
taller	6.00
tallo	6.38
talón	6.10
tamaño	5.36
también	5.38
tambor	3.92
tampoco	5.06
tan	4.88
tanatorio	9.80
tanga	9.80
tango	8.02
tanque	6.46
tanta	5.56
tantas	5.50
tanto	6.02
tantos	5.58
tapa	4.48
tapadera	9.64
tapado	4.30
tapar	5.00
tapia	9.74
tapiz	9.04
tapón	5.22
tara	10.24
tardanza	8.34
tardar	5.28
tarde	3.64
tardes	4.42
tarea	5.00
tarifa	9.60
tarjeta	6.62
tarta	3.46
tarzán	4.42
tatarabuelo	6.48
taxi	4.84
taza	3.74
te	4.12
té	6.56
teatral	7.60
teatro	6.44
techo	4.06
techumbre	10.06
teclado	7.12
teclas	5.98
técnica	9.32
técnicas	8.72
técnico	8.80
tecno	9.94
tecnología	9.58
teide	5.44
teja	6.38
tejado	5.50
tejano	9.46
tejido	7.88
tela	5.34
telaraña	4.78
tele	2.92
telediario	5.90
telefónica	8.40
teléfono	3.16
telegrama	8.50
televisión	3.10
televisivo	7.78
televisor	3.06
tema	5.80
temas	6.62
temblor	6.60
temer	6.70
temeroso	8.08
temor	7.20
temperamental	9.72
temperamento	9.26
temperatura	7.06
temperaturas	7.40
tempestad	7.82
templo	7.90
temporada	8.32
temporal	8.08
temprano	5.10
ten	5.78
tenacidad	9.30
tenaz	10.00
tenazas	6.94
tendencia	9.92
tender	5.64
tendón	9.18
tendrá	5.73
tendrán	6.52
tendremos	5.82
tendría	6.38
tenedor	3.28
tenéis	6.32
tenemos	4.38
tener	3.52
tenerife	4.74
tenga	6.12
tengamos	6.32
tengan	5.96
tengas	5.32
tengo	3.74
tenía	4.98
teníamos	5.74
tenían	5.06
tenías	4.48
tenido	5.90
teniendo	6.64
teniente	8.26
tenis	5.22
tenor	9.14
tensión	8.88
tenso	9.04
tenue	9.70
teoría	9.30
tequila	10.44
terapia	10.08
tercer	5.26
tercera	5.42
tercero	5.30
termina	5.02
terminado	5.42
terminar	4.36
término	9.16
términos	8.66
termita	8.40
termómetro	4.65
ternera	6.72
ternura	7.16
terraza	5.40
terremoto	6.44
terreno	7.08
terrestre	7.58
terrible	6.94
territorio	8.00
terror	6.48
terrorismo	9.46
terrorista	8.26
tertulia	9.84
tesoro	5.20
test	9.48
testamento	8.64
testículo	9.02
testigo	8.56
testimonio	9.62
teta	3.44
tetera	6.66
textil	8.78
texto	6.38
tía	3.12
tibia	8.44
tiburón	3.94
tiempo	5.04
tiempos	6.14
tienda	4.32
tiendas	5.24
tiene	4.04
tienen	4.62
tienes	4.34
tierno	7.22
tierra	3.20
tieso	7.14
tiesto	8.78
tiestos	9.06
tigre	3.28
tijeras	3.66
tilde	6.38
timbre	4.14
timidez	7.60
tímido	6.96
tinta	5.84
tinto	7.78
tío	4.46
típica	7.40
típico	7.80
tipo	7.56
tipos	6.92
tira	4.68
tirachinas	5.64
tiranía	8.94
tirano	9.68
tirantes	6.66
tirar	3.86
tiro	6.60
tiroides	10.76
tiros	5.94
titanic	9.40
titular	9.04
título	6.52
toalla	3.54
tobillera	7.56
tobillo	5.10
tobogán	3.46
toca	3.96
tocadiscos	7.14
tocado	5.76
tocador	7.78
tocar	4.82
toda	3.64
todas	4.26
todavía	5.90
todo	3.54
todos	3.94
toga	9.92
toldo	7.20
tolerancia	9.64
tolerante	8.74
toma	3.68
tomado	6.44
tomando	5.78
tomar	4.60
tomate	3.60
tomo	8.46
tonada	10.44
tonelada	8.24
tónica	8.92
tono	8.02
tonta	3.74
tontería	4.84
tonto	3.20
top	7.88
topacio	9.85
topo	6.24
toque	6.58
tórax	9.84
torcido	5.64
torero	7.02
tormenta	6.14
tormento	9.14
tornado	7.16
tornillo	5.46
torno	9.70
toro	5.40
toros	5.36
torpe	6.12
torpeza	7.44
torre	4.48
torrente	8.06
tortazo	4.52
tortilla	3.46
tortuga	3.26
tortura	8.04
tos	4.32
tostada	4.82
tostadas	4.54
tostador	6.54
total	7.02
totalmente	7.42
tóxico	8.36
traba	6.42
trabaja	4.94
trabajado	6.72
trabajador	6.58
trabajadora	5.28
trabajadores	6.36
trabajando	5.30
trabajar	5.86
trabajo	5.46
trabajos	5.62
tractor	5.30
tradición	7.72
tradicional	7.80
traducción	7.80
traductor	8.98
trae	3.92
traer	3.60
trafico	7.00
tragedia	8.02
traición	8.98
traicionar	7.60
traído	6.28
traidor	7.48
traje	4.60
trama	9.64
trampa	6.31
trampolín	5.26
trance	10.46
tranquila	5.78
tranquilidad	6.72
tranquilizar	6.56
tranquilo	5.74
transatlántico	9.12
transcurso	9.66
transeúnte	9.78
transferencia	10.08
transición	10.68
transistor	9.22
tránsito	10.02
transparencia	9.26
transparente	6.50
transporte	6.06
tranvía	8.04
trapo	4.44
tras	6.66
trascendencia	10.34
trasero	6.34
traslado	8.44
trastero	7.00
trasto	5.40
trastorno	9.94
trata	7.32
tratado	10.36
tratamiento	8.84
tratar	7.02
trato	7.18
trauma	9.46
través	9.73
travesía	8.96
travesura	4.74
trayectoria	9.94
trece	4.52
trecho	9.72
tregua	9.70
treinta	5.04
tremendo	7.70
tren	3.48
trenza	4.48
tres	2.24
trescientas	6.28
trescientos	6.32
triángulo	4.60
tribu	8.20
tribuna	9.96
tribunal	9.16
tributaria	10.70
tributo	10.44
tríceps	9.82
triciclo	5.18
tridente	9.42
trigo	5.92
trineo	6.26
tripa	5.20
tripulación	9.08
triste	4.32
tristeza	6.00
triunfante	8.74
triunfo	7.68
trofeo	6.64
trombón	8.12
trompa	4.68
trompeta	4.42
trompo	5.58
tronco	5.46
trono	6.68
tropical	8.40
trozo	4.54
trucha	7.22
trueno	4.84
tsunami	10.50
tu	2.96
tuberculosis	10.16
tubería	6.80
tubo	5.34
tuerca	7.30
tulipán	7.02
tumba	6.58
tumbona	6.80
tumor	9.72
túnel	5.58
turba	10.44
turbante	8.38
turbio	8.86
turismo	8.76
turista	7.46
turística	8.74
turno	7.14
turquesa	7.26
tus	4.24
tuve	5.26
tuviera	6.48
tuvieron	6.26
tuvimos	6.06
tuvo	5.40
tuya	4.62
tuyo	4.07
tve	6.26
u	3.10
úlcera	9.64
última	4.86
últimamente	7.30
últimas	4.94
ultimo	4.52
últimos	5.16
umbilical	8.54
un	3.00
una	2.95
unas	4.30
única	6.02
únicamente	8.34
único	6.48
unida	5.92
unidad	6.96
unidas	6.18
unidos	6.48
uniforme	6.18
unión	6.78
universidad	8.52
universitaria	9.12
universitario	9.54
universo	7.48
uno	2.21
unos	4.26
uña	3.80
uñas	3.20
urbana	9.04
urbe	10.66
urgencia	7.56
uso	6.70
usted	6.02
ustedes	5.10
usuario	9.54
utensilio	8.50
útil	7.76
utilidad	8.12
utilizar	6.04
utopía	10.62
uva	4.46
uvas	4.22
uve	6.16
va	3.88
vaca	3.08
vacación	5.90
vacaciones	4.42
vacas	3.62
vacía	4.56
vacilar	7.44
vacío	4.40
vacuna	4.96
vacuno	9.36
vagabundo	7.64
vagina	7.24
vago	6.02
vainilla	5.26
vais	6.90
vale	3.60
valencia	8.04
valentía	7.84
valiente	5.88
valla	6.44
valladolid	8.36
valle	6.66
valor	7.78
valorar	8.40
valores	8.38
vals	9.14
vamos	3.96
vampiro	5.48
van	4.48
vándalo	9.18
vanidad	10.32
vapor	6.86
vaquero	5.58
vaqueros	6.62
variación	9.46
varianza	10.96
varias	5.56
varicela	6.08
variedad	8.26
varios	5.76
varita	5.48
varón	6.16
vas	4.29
vasco	8.62
vaso	2.80
váter	5.02
vaya	5.84
vayan	6.34
vayas	5.82
ve	4.62
vea	5.76
vean	6.16
veas	5.46
veces	5.20
vecinos	5.20
vega	10.29
vegetación	6.74
vegetal	6.32
vehículo	6.16
veía	5.36
veinte	4.74
veinticinco	5.18
veinticuatro	5.08
veintidós	5.34
veintiocho	5.34
veintiséis	5.02
veintisiete	5.58
veintitrés	5.16
veintiuno	5.10
veis	6.42
vejez	6.60
vejiga	8.30
vela	4.16
velero	6.18
velocidad	6.92
veloz	7.18
vemos	4.74
ven	3.38
vena	6.90
venas	6.70
vencedor	6.14
vencido	7.50
venda	5.30
vendedor	6.14
vender	5.56
venecia	9.04
veneno	6.62
venenosa	5.68
venga	4.84
venganza	8.80
vengo	4.90
venían	5.29
venida	8.15
venido	5.96
venir	3.56
venta	5.34
ventaja	7.26
ventana	3.20
ventanas	3.86
ventanilla	6.24
ventura	10.46
veo	3.00
ver	2.72
vera	9.98
verá	6.10
verano	4.14
verás	6.02
verbal	8.30
verbena	8.42
verbo	7.92
verdad	4.66
verdadera	6.64
verdaderamente	8.56
verdadero	5.54
verde	2.80
verdes	3.56
verdura	4.26
verduras	3.88
veremos	5.92
vergonzoso	5.90
vergüenza	5.00
verja	7.56
verlo	5.18
versión	9.58
verso	8.68
vertebral	8.58
vertedero	7.20
vértigo	8.50
ves	4.10
vestíbulo	9.58
vestido	3.08
vestir	3.02
vete	3.64
veterinaria	6.62
vez	5.20
vi	3.94
vía	7.30
viajar	5.04
viaje	4.42
viajes	5.48
vías	8.28
víbora	7.46
vibración	8.20
vicepresidente	9.21
vicio	9.10
vicioso	9.24
víctima	8.16
victimismo	9.76
victoria	7.08
vid	8.10
vida	4.68
vídeo	4.64
vidriera	8.92
vidrio	7.24
vieja	4.78
viejo	3.96
viendo	4.64
viene	4.49
vienen	4.66
vienes	5.10
viento	3.88
vientre	5.88
viernes	4.28
viga	8.80
vigilancia	7.44
vigilante	7.38
vigilar	6.86
vigor	9.84
vigoroso	10.18
villa	8.20
villancico	4.42
vinagre	5.66
vine	4.68
vino	5.50
viola	8.62
violación	9.30
violencia	7.46
violento	6.44
violeta	4.36
violín	6.48
violonchelo	8.18
virgen	5.42
virginidad	8.94
virrey	10.34
virtud	9.56
viruela	8.88
virus	8.16
visera	7.62
visillo	9.72
visión	7.18
visita	4.58
visitar	5.28
víspera	8.82
vista	6.38
visto	5.18
visual	8.50
vital	8.98
vitalidad	9.26
vitrina	8.14
viuda	8.19
viudo	8.42
vive	4.40
viven	4.40
víveres	9.14
vivía	5.32
vivido	6.26
vívido	9.12
vivienda	6.32
viviendas	7.26
viviendo	5.54
vivimos	4.78
vivir	5.78
vivo	4.92
vocablo	9.42
vocabulario	6.90
vocación	9.40
vocal	5.46
vocales	4.00
vodka	10.56
volante	5.92
volantes	6.62
volar	5.34
volátil	9.14
volcán	5.78
voleibol	6.88
volumen	7.02
voluntad	8.48
voluptuosidad	10.62
volvemos	5.42
volver	4.22
vómito	4.80
vosotros	6.02
votación	8.88
votar	8.42
voto	8.38
votos	8.06
voy	3.52
voz	3.52
vuela	3.80
vuelo	5.70
vuelta	4.04
vueltas	4.50
vuelto	6.64
vuelve	5.12
vuelvo	5.28
wc	7.40
web	10.20
whisky	9.43
y	3.14
ya	3.36
yanqui	10.16
yarda	10.38
yate	7.26
yaya	4.28
yegua	5.12
yen	10.40
yendo	7.22
yerno	9.08
yeso	7.36
yo	2.54
yogur	2.70
york	7.82
yoyó	4.52
yunque	9.42
zafiro	9.66
zaire	10.41
zambomba	7.82
zamora	8.96
zanahoria	3.66
zapatero	6.02
zapatilla	4.60
zapatillas	4.18
zapato	2.78
zapatos	3.18
zaragoza	8.18
zarcillo	5.48
zarpa	8.56
zinc	10.28
zodíaco	8.44
zona	7.02
zonas	7.40
zoo	4.54
zoológico	5.64
zorra	5.70
zorro	4.68
zumo	3.66
zurda	5.30
zurra	9.12