abandon	0.4967
abat-jour	0.2033
abattoir	0.2383
abbé	0.18
abdomen	0.3817
abeille	0.52
abîme	0.2383
aboiement	0.3333
abondance	0.4533
abonné	0.4683
abonnement	0.5033
abricot	0.31
abstinence	0.3533
abstraction	0.335
abus	0.515
académie	0.51
accélérateur	0.4283
accent	0.6583
acceptation	0.5183
accès	0.6133
accession	0.2833
accessoire	0.615
accident	0.6667
accord	0.6317
accordéon	0.2667
accouplement	0.3833
accroc	0.245
accusation	0.485
accusé	0.5533
achat	0.6517
acide	0.495
acier	0.4067
acquisition	0.3933
acte	0.5433
acteur	0.6217
action	0.68
activation	0.485
actualité	0.6517
adage	0.0833
adaptation	0.515
adhésion	0.3117
adieu	0.46
adjectif	0.5633
adjoint	0.49
administrateur	0.4917
administration	0.59
admiration	0.4783
admission	0.6333
adolescente	0.67
adoption	0.52
adresse	0.7917
adverbe	0.48
adversaire	0.5183
aéroport	0.58
affection	0.5717
affichage	0.52
affirmation	0.515
affluence	0.2083
affolement	0.275
âge	0.825
agenda	0.6983
agente	0.4483
agilité	0.3967
agitation	0.4483
agneau	0.3633
agonie	0.2933
agrafeuse	0.3767
agressivité	0.51
agriculteur	0.4617
agriculture	0.4617
agrumes	0.3467
aide	0.775
aïeul	0.12
aigle	0.3633
aigre	0.2617
ail	0.545
aile	0.5083
aimant	0.455
aisance	0.25
ajout	0.4733
ajustage	0.2633
album	0.6083
alerte	0.5317
algèbre	0.425
alibi	0.2367
alignement	0.4267
aliment	0.605
alimentation	0.5883
allée	0.4917
allégresse	0.21
alligator	0.2983
allocution	0.22
allure	0.4783
allusion	0.365
altitude	0.4067
amande	0.5317
amante	0.24
amas	0.18
amateur	0.4783
ambassadeur	0.435
ambiance	0.5067
ambiguïté	0.3833
ambulance	0.585
âme	0.5367
aménagement	0.38
amende	0.5167
amertume	0.2117
amnésie	0.3533
amortisseur	0.25
ampère	0.2233
ampleur	0.4417
amplificateur	0.18
amplitude	0.42
ampoule	0.5067
analogie	0.395
ananas	0.52
anarchie	0.2767
anatomie	0.4567
ancêtre	0.41
âne	0.3
angle	0.5633
angoisse	0.4433
anguille	0.2
animation	0.4783
anneau	0.4717
année	0.7667
annexe	0.4883
annonce	0.68
annuaire	0.4917
antichambre	0.115
anticipation	0.4367
antipathie	0.2883
antithèse	0.2767
antre	0.1
anxiété	0.565
aorte	0.205
aperçu	0.5733
apéritif	0.405
aphrodisiaque	0.2233
aplomb	0.19
apogée	0.23
appareil	0.635
appartement	0.8133
appât	0.25
appel	0.7533
appétit	0.705
application	0.555
apport	0.3017
appréciation	0.525
apprentissage	0.6017
approche	0.6017
appui	0.5583
aptitude	0.4617
aquarelle	0.2717
araignée	0.5933
arbalète	0.0617
arbre	0.7417
arbuste	0.365
arc	0.37
archer	0.1883
archet	0.1817
archipel	0.1517
architecture	0.42
ardeur	0.2833
arène	0.245
arête	0.4017
argile	0.3233
argot	0.12
argument	0.655
armistice	0.18
armoire	0.6233
armure	0.355
arôme	0.3633
arrivée	0.7233
arrosoir	0.3783
arsenal	0.1733
artère	0.435
artichaut	0.21
articulation	0.5017
artillerie	0.2
artisan	0.3333
ascension	0.3233
asile	0.29
aspect	0.575
asperge	0.42
asphalte	0.4367
aspirateur	0.5917
aspiration	0.405
aspirine	0.5867
assaut	0.2667
assemblée	0.4617
assiette	0.7567
assistanat	0.4017
assistance	0.5033
assistant	0.5833
association	0.585
astronaute	0.3783
astuce	0.29
atmosphère	0.5033
atome	0.425
atout	0.4
âtre	0.0883
attachement	0.5383
attaque	0.5883
atteinte	0.5033
attelage	0.2317
attendrissement	0.2233
attirance	0.48
attraction	0.5583
attrape	0.5783
attribut	0.3917
attribution	0.3883
aubergine	0.2383
audace	0.3233
audience	0.5
audition	0.5133
auge	0.11
augmentation	0.6283
augure	0.1467
aune	0.0333
aura	0.2917
aurore	0.3233
auteure	0.5183
automate	0.2167
automobile	0.6817
autonomie	0.5533
autorisation	0.5317
autruche	0.2933
auvent	0.1533
avalanche	0.3783
avant	0.8467
avantage	0.6683
avatar	0.11
avenir	0.705
avenue	0.5667
averse	0.3083
avertissement	0.585
aveu	0.33
avion	0.6383
aviron	0.2533
avis	0.5683
avoine	0.43
avortement	0.5033
avril	0.7233
axe	0.3783
azote	0.295
babillard	0.4083
bactérie	0.58
bagage	0.5433
bagarre	0.3717
bagatelle	0.21
bagnole	0.2417
bague	0.6333
bail	0.3517
bain	0.76
baiser	0.6683
balade	0.37
balai	0.5667
balance	0.5733
balançoire	0.4467
balcon	0.5633
baleine	0.4033
balise	0.1483
balle	0.63
ballet	0.435
ballon	0.5817
baluchon	0.18
bambin	0.19
bambou	0.2983
banane	0.6933
bande	0.4617
bandelette	0.1983
banderole	0.285
banjo	0.2383
banlieue	0.42
bannière	0.3483
banque	0.735
banquet	0.405
baptême	0.425
baraque	0.235
barbe	0.555
barbecue	0.6217
barbelé	0.2
barbiche	0.2267
barge	0.1317
baril	0.295
baron	0.1417
baronne	0.1533
barque	0.2433
barrage	0.4117
barrette	0.4633
barricade	0.3167
barrière	0.5133
bascule	0.3117
basket-ball	0.6233
basse	0.4467
bassine	0.1667
bataille	0.5733
bataillon	0.2717
bateau	0.605
bâtisse	0.5267
bâtonnet	0.4
battant	0.305
baume	0.295
bavure	0.2033
bazar	0.2083
bec	0.64
bedon	0.4167
bègue	0.1517
beignet	0.2683
belette	0.18
belge	0.305
bélier	0.34
belvédère	0.1783
bémol	0.27
bénéfice	0.5333
benne	0.0717
béquille	0.3833
béret	0.225
berge	0.1517
besogne	0.2
bestiole	0.26
bêtise	0.42
béton	0.4083
betterave	0.3717
beurre	0.77
biais	0.4333
biberon	0.325
bible	0.4767
biche	0.2467
bicyclette	0.615
bidon	0.21
bien-être	0.6417
bienfait	0.45
bigoudi	0.21
bijouterie	0.4267
bijoutière	0.2917
binette	0.145
biographie	0.525
biscotte	0.1417
bise	0.2717
bisou	0.5433
blague	0.6883
blaireau	0.1317
blanc	0.7683
blason	0.135
blatte	0.0783
blé	0.53
blessé	0.57
blessure	0.5417
blette	0.1117
bleuet	0.5233
blocage	0.43
blouse	0.5317
blouson	0.325
boa	0.1783
bobine	0.305
boeuf	0.59
bois	0.6383
boîtier	0.325
bombarde	0.2467
bombe	0.5033
bon	0.8683
bonbon	0.7017
bonbonne	0.2733
bond	0.3067
bonheur	0.7183
bonne	0.7833
bonté	0.4433
bonze	0.0917
boomerang	0.265
bordée	0.2917
bordereau	0.19
bordure	0.42
borne	0.2633
bosquet	0.1117
bottin	0.3833
bottine	0.37
bouche	0.7883
bouchée	0.62
boucle	0.5183
boudin	0.2767
bouge	0.6683
bougie	0.445
bouilloire	0.5417
boulanger	0.4117
boulangerie	0.4383
bouleau	0.39
boulet	0.2083
boulette	0.3967
boulevard	0.6317
boulon	0.1567
boulot	0.3717
bouquet	0.4683
bouquineur	0.09
bourde	0.145
bourdon	0.295
bourgeoisie	0.2917
bourreau	0.22
bourse	0.6033
bouse	0.1067
bouseux	0.1067
boussole	0.3517
bout	0.6267
boutade	0.08
boute-en-train	0.1467
bouteille	0.7817
boutique	0.595
bouton	0.6883
boutonnière	0.2217
boyau	0.28
braise	0.3183
branchage	0.2517
branche	0.575
bras	0.745
brasier	0.1967
bravoure	0.27
bretelle	0.365
bribe	0.18
brigade	0.2867
brigadière	0.275
brindille	0.265
brioche	0.3417
brique	0.47
brise	0.5067
brocanteur	0.0933
broche	0.4183
brochet	0.2883
brochette	0.4317
brochure	0.4367
brocoli	0.61
broderie	0.2867
brosse	0.6983
brosse à dents	0.8417
brouette	0.3633
brouillon	0.58
broussaille	0.2167
bru	0.23
bruine	0.2283
bruit	0.765
brûleur	0.36
brûlure	0.5333
brutalité	0.385
buanderie	0.3283
bûcher	0.3
budget	0.635
buée	0.3217
bulbe	0.325
bulle	0.49
bureau	0.7433
burin	0.0283
butin	0.215
butor	0.09
buveur	0.435
cabale	0.105
cabanon	0.2083
cabinet	0.48
câblage	0.2683
cabriolet	0.15
cacahuète	0.2033
cachalot	0.13
cachette	0.4883
cachot	0.185
cactus	0.3417
caddie	0.0967
cadenas	0.5833
cadran	0.5667
cadre	0.5617
cafard	0.1917
café	0.8183
cage	0.5033
cahier	0.6733
caïman	0.0867
caissière	0.6567
calanque	0.0533
calcification	0.14
calcul	0.6467
cale	0.15
calèche	0.1983
caleçon	0.355
calepin	0.3667
calibre	0.355
calmar	0.2
calme	0.6867
calomnie	0.1283
calorie	0.6683
calotte	0.2817
calumet	0.1467
camarade	0.42
cambriolage	0.3467
caméléon	0.265
camion	0.7217
camionnette	0.3367
camisole	0.4917
camp	0.5583
campagne	0.56
camping	0.5783
canapé	0.2967
canard	0.4433
canari	0.2517
cancer	0.6917
candeur	0.1167
candidat	0.495
candidature	0.4317
cane	0.4
canette	0.64
caniche	0.3217
canif	0.33
canoë	0.3233
canon	0.3467
cantatrice	0.1083
cantine	0.4417
cantique	0.195
canton	0.24
capacité	0.5617
cape	0.2817
capital	0.5933
capitale	0.6467
capot	0.2583
caprice	0.36
capsule	0.385
captivité	0.3283
capture	0.37
capuche	0.365
capuchon	0.515
carabine	0.31
caractéristique	0.675
carafe	0.1633
caramel	0.555
carapace	0.2567
carat	0.1817
caravane	0.2367
caravelle	0.1117
carburant	0.3283
carburateur	0.28
carcan	0.0883
carcasse	0.2383
cardiogramme	0.175
carence	0.28
caresse	0.6783
cargo	0.2267
caribou	0.3267
caricature	0.4233
carie	0.4567
carillon	0.1633
carnaval	0.4483
carotte	0.6617
carpette	0.1733
carquois	0.0383
carré	0.6317
carrefour	0.3483
carrière	0.6433
carriole	0.1417
carrosse	0.3517
cartable	0.67
cartouche	0.4133
cas	0.7267
cascade	0.3667
cascadeur	0.2717
caserne	0.3067
casino	0.575
casque	0.5783
cassette	0.585
caste	0.2217
castor	0.4117
cataclysme	0.17
catalogue	0.575
catapulte	0.17
catastrophe	0.5067
catégorie	0.5967
cauchemar	0.6133
causalité	0.3783
cause	0.7117
cavalerie	0.2083
cave	0.5833
caverne	0.375
cavité	0.3717
cèdre	0.36
ceinture	0.6467
céleri	0.645
cellule	0.52
cène	0.115
cens	0.2933
cent	0.6883
centaure	0.0983
centre	0.7267
cèpe	0.0467
cerceau	0.36
cercueil	0.3967
cérémonie	0.5183
cerf	0.3167
cerise	0.5067
cerisier	0.2733
cerne	0.3467
certitude	0.475
chacal	0.1283
chagrin	0.4017
chair	0.4117
chaise	0.8367
châle	0.2267
chalet	0.5833
chaloupe	0.2817
chambre	0.8667
chameau	0.2933
champ	0.585
champignon	0.58
champion	0.5367
championnat	0.4183
chance	0.7367
chandail	0.74
chanteuse	0.675
chantier	0.37
chaos	0.325
chapeau	0.67
chapelle	0.38
chaperon	0.2967
chapiteau	0.2133
chapitre	0.735
charabia	0.1383
charité	0.49
charme	0.5567
charnière	0.1783
charpente	0.265
charte	0.445
châsse	0.2417
chaste	0.23
chat	0.7533
châtaigne	0.1617
château	0.4533
châtiment	0.3117
chaton	0.5333
chaudron	0.4683
chauffage	0.6283
chaussette	0.445
chausson	0.3333
chaussure	0.605
chauve	0.435
chauve-souris	0.3183
chauvinisme	0.0933
cheminée	0.52
chemisier	0.3083
chenille	0.34
cheptel	0.08
chéquier	0.24
cheval	0.53
chevelure	0.3967
cheveu	0.7333
cheville	0.5283
chèvre	0.3817
chevreau	0.2267
chewing-gum	0.2867
chien	0.81
chignon	0.2433
chinoiserie	0.1383
chirurgien	0.465
choc	0.6133
choeur	0.3067
choléra	0.15
chômage	0.56
chose	0.8467
chronique	0.4367
chronomètre	0.4133
ciel	0.8067
cigare	0.4417
cigarette	0.7217
cigogne	0.2617
ciment	0.4533
cimetière	0.4833
cintre	0.2817
circonstance	0.58
circulation	0.5917
cirrhose	0.08
ciseaux	0.6633
citadelle	0.1983
citation	0.6017
citerne	0.2333
citoyen	0.6317
citoyenne	0.5233
citron	0.52
citrouille	0.42
civière	0.275
civilisation	0.525
civisme	0.3017
clafoutis	0.0483
clairière	0.275
clairon	0.095
clarification	0.4117
clarté	0.5183
classement	0.4917
classification	0.4383
claustrophobie	0.265
clavecin	0.0817
clé	0.77
clebs	0.0283
clef	0.7033
clémence	0.2383
clenche	0.1533
clic	0.4067
cliché	0.4567
client	0.6933
cliente	0.6617
clientèle	0.5933
climatiseur	0.37
clinique	0.5933
clique	0.4367
clivage	0.1817
cloche	0.5267
clocher	0.31
clochette	0.2867
cloison	0.1317
clôture	0.56
clou	0.48
cobra	0.2667
cocaïne	0.4483
coccinelle	0.3833
cochon	0.5
cocotte	0.4383
cocotte-minute	0.0917
cocu	0.1567
codage	0.3183
coffre-fort	0.3333
coffret	0.365
cognac	0.395
cohérence	0.4267
cohue	0.0867
coiffure	0.58
coïncidence	0.5783
coing	0.0433
colibri	0.275
colique	0.23
collaborateur	0.435
collaboration	0.52
collage	0.39
collant	0.555
collection	0.5617
collectivité	0.4717
collègue	0.59
collet	0.4083
colline	0.4467
collision	0.4483
colloque	0.39
colombe	0.3483
colonie	0.4167
colorant	0.445
colza	0.04
combinaison	0.5
combustion	0.325
comédie	0.6317
comète	0.2883
comité	0.51
commande	0.5717
commandement	0.4183
commencement	0.5783
commerçant	0.4133
commerce	0.5717
commère	0.255
commissaire	0.325
commission	0.5383
commode	0.395
communauté	0.6033
communiqué	0.5267
communisme	0.4267
compagnie	0.64
comparaison	0.6417
compas	0.305
compatible	0.4667
compensateur	0.2517
compère	0.1183
compétence	0.605
complaisance	0.1917
complément	0.55
complet	0.6933
complexe	0.6133
complexité	0.4317
complication	0.515
complicité	0.45
compliment	0.6633
complot	0.3133
composant	0.435
composante	0.515
composé	0.575
composition	0.5417
compote	0.4117
compréhension	0.5967
compromis	0.515
comptabilité	0.4883
comptable	0.4733
compte	0.6667
comptine	0.205
comptoir	0.6633
comté	0.3417
comtesse	0.2333
concentration	0.6883
concept	0.6217
conception	0.4767
concombre	0.5583
concurrence	0.42
concurrent	0.3967
condition	0.6383
conduit	0.585
conduite	0.5983
conférence	0.5717
confession	0.4633
confiance	0.68
confidence	0.56
configuration	0.4667
confirmation	0.5617
confiture	0.5567
confrère	0.32
confusion	0.5517
congé	0.7267
congrès	0.435
conjoint	0.5683
conjoncture	0.1783
conjugaison	0.48
conne	0.405
connexion	0.565
conquête	0.395
conscience	0.5
conseiller	0.5683
consentement	0.42
conséquence	0.67
conservation	0.5017
conserve	0.5267
considération	0.5317
consigne	0.485
consolation	0.4617
consommateur	0.56
consommation	0.5867
constitution	0.49
constructeur	0.4783
construction	0.6017
consultant	0.4467
consultation	0.5233
conte	0.4733
contemplation	0.28
contenant	0.5783
content	0.7567
continence	0.235
continuité	0.4617
contour	0.49
contraception	0.5667
contradiction	0.49
contrainte	0.4233
contrariété	0.28
contraste	0.5033
contrat	0.59
contrepoison	0.1367
contribution	0.4833
contrôle	0.63
convenance	0.3183
convention	0.4367
conversion	0.4167
conviction	0.4317
convoi	0.21
coopération	0.59
coordination	0.515
coordonnée	0.555
copeau	0.1783
copinage	0.2083
coq	0.3933
coque	0.2533
coquillage	0.3883
coquille	0.3967
cor	0.125
corbeille	0.3517
cordée	0.2533
cordon	0.4533
corne	0.3583
corneille	0.4317
cornemuse	0.115
cornet	0.4533
cornichon	0.4667
corporation	0.4267
corps	0.7633
corpulence	0.21
correction	0.5867
correspondance	0.4483
correspondant	0.4917
corrida	0.0717
corridor	0.6067
cortège	0.1667
corvée	0.3917
cosse	0.0983
costume	0.5533
cotation	0.2733
côte	0.585
côté	0.7267
coteau	0.22
cotisation	0.3667
coton	0.59
cou	0.655
couard	0.045
couche	0.5667
coucher	0.8533
coude	0.5417
couffin	0.105
couleur	0.7683
couleuvre	0.32
coupe	0.55
couple	0.7567
couplet	0.3717
coupon	0.58
coupure	0.515
courage	0.635
courbature	0.26
courbure	0.3417
courgette	0.245
couronne	0.405
courroie	0.265
cousin	0.5983
coût	0.7083
couteau	0.7367
coutume	0.5033
couture	0.4667
couturier	0.36
couvent	0.3283
couvercle	0.6283
couvert	0.6083
coyote	0.2767
crabe	0.3683
crainte	0.51
crampon	0.2267
crâne	0.495
crapaud	0.34
craque	0.5517
craquement	0.4017
cratère	0.2233
cravate	0.5017
crayon	0.7417
créature	0.5033
crédit	0.69
crème	0.67
créole	0.23
crêpe	0.5717
crépuscule	0.2433
crête	0.2483
crevaison	0.355
crevasse	0.245
crevé	0.45
crevette	0.5033
crinière	0.24
critère	0.6017
critique	0.6283
croc	0.2117
croche-pied	0.0917
crocodile	0.36
crosse	0.2383
croupe	0.1617
croyance	0.5933
cruauté	0.425
cruche	0.3333
crudité	0.3967
crypte	0.1333
cube	0.5333
cueillette	0.3717
cuillère	0.7883
cuir	0.5583
cuisine	0.8667
cuisinière	0.5233
cuisse	0.69
cuisson	0.5733
culot	0.305
culture	0.6667
cumul	0.155
curseur	0.3683
cuvée	0.2033
cycliste	0.4683
cyclone	0.23
cylindre	0.3567
cymbale	0.215
daltonisme	0.3167
damier	0.15
dance	0.675
danseur	0.5717
dauphin	0.425
dé	0.43
débâcle	0.13
débat	0.6033
débile	0.3683
débit	0.5717
débouché	0.43
débris	0.3967
début	0.7267
décalage	0.4
décembre	0.7717
déception	0.44
décès	0.5433
décharge	0.3767
déchet	0.6333
décimètre	0.3
décision	0.7133
déclaration	0.5183
déclic	0.2817
déclin	0.4017
décollage	0.4333
décoration	0.5917
découverte	0.5917
décrépitude	0.115
décret	0.1733
déesse	0.2883
défi	0.6267
défiance	0.335
déficit	0.4617
défilé	0.4717
définition	0.71
dégaine	0.11
dégât	0.5667
dégel	0.4233
dégoût	0.4667
déguisement	0.46
déité	0.0783
déjeuner	0.8183
délai	0.4667
délégation	0.3767
délégué	0.3633
délicatesse	0.3183
délire	0.3917
délit	0.415
délivrance	0.36
déluge	0.3133
demande	0.8167
démarche	0.5267
démêlage	0.2933
demeure	0.495
déminage	0.1167
démocratie	0.5783
démolition	0.3717
démon	0.4133
dent	0.755
dentelle	0.4167
département	0.6983
dépense	0.6867
dépit	0.3217
dépliant	0.45
dépôt	0.5783
dépotoir	0.3717
député	0.4383
dérision	0.2017
derme	0.205
dernier	0.73
derrière	0.7467
désarroi	0.24
désastre	0.5333
description	0.675
déséquilibre	0.4667
désillusion	0.2917
désir	0.6583
dessein	0.2533
destin	0.56
destination	0.56
destinée	0.4617
destruction	0.5383
détection	0.4833
détente	0.5217
détermination	0.5483
détonateur	0.2083
détonation	0.2467
détour	0.5433
détresse	0.3883
deuil	0.455
devant	0.705
développement	0.685
déviation	0.3467
devin	0.2033
devinette	0.3717
devis	0.1617
devise	0.365
dévoilement	0.36
devoir	0.835
dévotion	0.3167
dextérité	0.2517
diagnostic	0.49
diagonale	0.4367
diapason	0.135
diapositive	0.4533
dictaphone	0.0833
dictature	0.3933
dictée	0.49
diction	0.2683
dicton	0.2417
dièdre	0.0317
diesel	0.4433
difficulté	0.715
diffusion	0.4967
digestion	0.5633
dignité	0.4317
dilemme	0.4833
diligence	0.2017
dilution	0.2983
dimanche	0.8567
diminutif	0.235
dinde	0.495
dindon	0.3667
dîner	0.8017
dînette	0.1867
dinosaure	0.3217
diplôme	0.675
direction	0.675
directive	0.5783
disciple	0.3367
discipline	0.555
discorde	0.2583
discrétion	0.4267
discussion	0.6567
disparition	0.55
disparu	0.62
dispensaire	0.1783
disponibilité	0.6333
dispositif	0.34
disposition	0.455
dispute	0.53
disque	0.675
disquette	0.67
dissertation	0.5967
distance	0.6683
distinction	0.4633
distorsion	0.355
distraction	0.51
distribution	0.4967
diva	0.3017
diversité	0.5533
divinité	0.295
division	0.5667
divorce	0.62
dix	0.7567
docteur	0.7517
doctrine	0.3433
document	0.7033
documentaire	0.5567
documentation	0.56
doigt	0.7517
doigté	0.36
dol	0.0917
dollar	0.8067
dom	0.0817
domicile	0.4833
domination	0.44
domino	0.3183
dompteur	0.2
doré	0.4483
dortoir	0.2833
dosage	0.3483
double	0.6583
douceur	0.55
douche	0.8
douille	0.23
douillette	0.3417
douve	0.1117
doux	0.6433
douze	0.7267
dragée	0.135
drapeau	0.5783
droit	0.7767
dromadaire	0.1833
dualisme	0.2633
dualité	0.3517
duchesse	0.1817
dune	0.2183
durée	0.6667
dureté	0.4233
dynamique	0.46
ébullition	0.3633
écaille	0.3017
écart	0.4833
échalote	0.3167
échange	0.5933
écharpe	0.3817
échauffement	0.3833
échec	0.6033
échelle	0.5633
échine	0.1133
échiquier	0.2033
éclair	0.5383
éclairage	0.5017
éclaircie	0.4067
éclat	0.4283
éclatement	0.3517
éclosion	0.255
école	0.8367
écolier	0.3717
économie	0.67
économique	0.615
écorce	0.3917
écoute	0.81
écouteur	0.58
écrevisse	0.2033
écritoire	0.1217
écrivain	0.4467
écrou	0.1667
écu	0.0783
écueil	0.2283
écume	0.1933
écureuil	0.4617
écurie	0.305
écusson	0.2333
édifice	0.6233
édition	0.5617
édredon	0.1017
efficacité	0.5783
effleurement	0.1817
effroi	0.2417
égalité	0.56
églantine	0.0533
église	0.5917
égoïsme	0.43
élaboration	0.43
élan	0.3483
élastique	0.645
électrode	0.2733
électron	0.3833
élégance	0.4383
élément	0.63
éléphant	0.4317
élève	0.805
élite	0.3467
éloge	0.2617
éloquence	0.2267
émail	0.2933
embarras	0.3783
embouteillage	0.435
embrochement	0.1183
émeraude	0.2433
émission	0.745
emmenthal	0.075
émoi	0.2067
émotion	0.7267
empereur	0.2817
empire	0.3783
emplacement	0.4417
emploi	0.7917
employé	0.6817
employée	0.7117
employeur	0.6233
empreinte	0.48
emprunt	0.5217
enclos	0.2883
enclume	0.1683
encre	0.4767
encrier	0.1583
endive	0.1283
enduit	0.2333
énergie	0.74
enfant	0.8167
enfer	0.5567
enflure	0.4133
engagement	0.55
engin	0.3483
engorgement	0.2533
énigme	0.3783
enjeu	0.42
ennemi	0.5633
ennui	0.61
enrouement	0.1667
enseignant	0.655
enseigne	0.5867
ensemble	0.7033
entaille	0.2333
entente	0.5933
enthousiasme	0.4983
entonnoir	0.405
entrain	0.46
entreprise	0.6083
entretien	0.57
entrevue	0.6583
enveloppe	0.625
envers	0.535
envoi	0.4717
envol	0.3783
envoûtement	0.1967
enzyme	0.3583
épaisseur	0.6
épargne	0.5383
épaule	0.6833
épave	0.2267
épée	0.3283
éperon	0.1117
épi	0.3133
épicerie	0.765
épidémie	0.4367
épinards	0.4733
épine	0.3733
épinette	0.3817
épingle	0.5083
épisode	0.5967
éponge	0.5217
épopée	0.2333
époque	0.5483
épouse	0.61
épouvantail	0.3283
époux	0.62
épreuve	0.5933
éprouvette	0.3767
équerre	0.1967
équilibre	0.6583
équipage	0.4183
équipement	0.625
équitation	0.3883
équité	0.39
équivalent	0.5183
érable	0.515
erreur	0.7133
éruption	0.3917
escadrille	0.1533
escale	0.2683
escalier	0.75
escargot	0.3667
esclave	0.465
escompte	0.2717
espadon	0.1017
espérance	0.53
espion	0.3817
esplanade	0.135
espoir	0.6167
esquimau	0.31
essai	0.6283
essence	0.6417
essieu	0.1533
essor	0.2383
essoufflement	0.375
estime	0.6267
étable	0.3667
établi	0.4433
établissement	0.5017
étagère	0.6017
étalon	0.285
étamine	0.115
étang	0.3517
étape	0.73
été	0.8367
étendue	0.48
étincelle	0.4117
étoffe	0.18
étoile	0.6633
étonnement	0.4233
étourderie	0.1067
étourdissement	0.4217
étranger	0.6283
étreinte	0.28
étrier	0.2033
étui	0.4117
euphorie	0.3167
évacuation	0.4383
évaluation	0.6117
évasion	0.3683
éveil	0.4733
événement	0.6633
éventail	0.325
évêque	0.2867
éviction	0.2167
évidence	0.525
évier	0.5
exaltation	0.175
excellence	0.6283
exception	0.6083
excès	0.5217
excitabilité	0.2667
excitation	0.58
exclamation	0.4783
exclusion	0.3933
exclusivité	0.4333
exécution	0.4483
exigence	0.5933
exil	0.2733
existence	0.4667
exotisme	0.295
expansion	0.4133
expédition	0.455
expert	0.5783
expertise	0.4383
exploit	0.49
exploitation	0.48
explosion	0.55
exportation	0.49
exposé	0.5117
exposition	0.5483
expression	0.6967
expulsion	0.4433
extase	0.295
extension	0.495
extraction	0.3717
extrait	0.5217
exubérance	0.1517
fable	0.2767
fabrication	0.51
facette	0.3367
fâcheux	0.3867
façon	0.795
facture	0.7083
faculté	0.6983
faille	0.2883
faillite	0.49
faim	0.8233
fainéant	0.1633
faire-part	0.1967
faisan	0.1433
faisceau	0.2767
faîte	0.2883
fakir	0.04
famille	0.8233
famine	0.4317
fan	0.4183
fanfare	0.23
fanion	0.0867
fantaisie	0.4367
fantôme	0.4783
faon	0.1383
fard	0.2467
fascicule	0.1633
faste	0.1083
fatalité	0.3683
faubourg	0.15
faucon	0.2617
faussaire	0.11
faute	0.73
fauve	0.2
faveur	0.5617
fécondité	0.28
fédération	0.485
feinte	0.23
femme	0.885
fémur	0.27
fenêtre	0.7817
fente	0.3767
fer-à-cheval	0.265
fermeté	0.355
fermeture	0.6017
ferrailleur	0.1233
fertilité	0.4083
ferveur	0.2267
fesse	0.6983
festin	0.335
festival	0.575
fête	0.7567
fétiche	0.205
feu	0.6817
feuillage	0.375
feuillet	0.3783
feuilleton	0.25
février	0.7683
fez	0.0433
fiabilité	0.4583
fiacre	0.0283
fiancé	0.555
fiancée	0.59
fiasque	0.1167
fibre	0.5033
ficelle	0.3417
fichier	0.6033
fiction	0.5133
fidélité	0.5383
fief	0.0683
fiel	0.0717
fiente	0.1017
fierté	0.5933
figue	0.2183
figure	0.6467
fil	0.5567
fille	0.8583
filleul	0.3067
film	0.835
filon	0.1083
filou	0.1033
fils	0.7217
fin	0.78
finale	0.6683
finance	0.605
financement	0.5383
financier	0.5133
finesse	0.2983
fiole	0.1883
fiord	0.09
firmament	0.2283
fisc	0.085
fissure	0.345
fiston	0.2533
flacon	0.37
flamand	0.19
flambeau	0.3
flambée	0.2833
flammèche	0.2467
flanc	0.185
flaque	0.3783
flasque	0.23
fléau	0.2333
flèche	0.485
fléchette	0.2083
fleur	0.6733
fleuriste	0.4617
fleuve	0.525
flic	0.2717
flirt	0.5417
floraison	0.2483
flore	0.2683
flottage	0.265
fluidité	0.3517
flux	0.3117
foi	0.495
foire	0.4683
folie	0.5833
fonctionnaire	0.5133
fondation	0.4833
fonte	0.3
force	0.6983
forêt	0.63
foreuse	0.17
format	0.585
formule	0.615
forteresse	0.3283
forum	0.405
fosse	0.26
fossé	0.3467
fossile	0.3283
foudre	0.3633
fouet	0.3833
fougère	0.3067
fougue	0.1517
fouille	0.4333
fouine	0.215
foulard	0.6333
foulure	0.2367
four	0.6333
fourberie	0.0983
fourche	0.2933
fourchette	0.71
fourmi	0.4533
fourneau	0.58
fournisseur	0.4383
fourre-tout	0.15
fourrure	0.5067
fracas	0.2133
fraction	0.5033
fracture	0.5117
fraîcheur	0.5033
framboise	0.5133
framboisier	0.2517
franchise	0.4083
frange	0.175
fraternisation	0.17
frayeur	0.2417
frégate	0.08
frêne	0.17
fréquence	0.5783
friabilité	0.0967
friandise	0.3933
fric	0.23
friche	0.14
friction	0.4133
frigidaire	0.72
frigidité	0.2817
frigo	0.555
frileux	0.4767
fringues	0.18
fripe	0.2033
frisson	0.5767
frissonnement	0.3217
froideur	0.3783
froissure	0.1883
fromage	0.745
fronde	0.1617
frottement	0.4617
fuel	0.2417
fuite	0.4167
fumier	0.375
fumiste	0.09
fureur	0.4
furie	0.28
fusée	0.39
fusil	0.515
fusion	0.44
futur	0.73
futuriste	0.2583
gâchis	0.25
gaffe	0.4367
gaieté	0.3183
gain	0.4517
gaine	0.2567
gala	0.3933
galaxie	0.3917
galère	0.1667
galerie	0.52
galette	0.395
galop	0.235
galopin	0.1033
gamelle	0.1967
gamin	0.2933
gangue	0.0833
garage	0.7033
garantie	0.6117
garce	0.215
garçon	0.8117
garde	0.455
garderie	0.575
gardien	0.5633
gare	0.3283
garniture	0.42
gars	0.8283
gâteau	0.6817
gâterie	0.4617
gaze	0.24
gazelle	0.2133
geai	0.1533
geisha	0.0967
gélatine	0.2967
gelée	0.55
gencive	0.4367
gendarme	0.2867
générateur	0.37
génération	0.5967
genèse	0.2333
génie	0.5717
genou	0.625
genouillère	0.1667
gentillesse	0.53
gerbe	0.1367
germanisation	0.0967
gestation	0.2983
gestionnaire	0.4533
gibier	0.2283
gigot	0.11
gilet	0.5983
girafe	0.3767
girouette	0.2383
gîte	0.205
glacier	0.4267
glacière	0.385
glaçon	0.5183
glaise	0.2583
glaive	0.0783
gland	0.28
glande	0.4383
glas	0.1017
glissade	0.4483
glissière	0.19
globe	0.4617
globule	0.355
glotte	0.1517
goéland	0.29
gonflement	0.355
gorgée	0.6017
gorille	0.365
goudron	0.305
gouffre	0.2183
gourmet	0.3483
goût	0.7267
goûter	0.6217
gouttelette	0.3117
gouvernail	0.1883
gouvernante	0.295
gradient	0.29
gradin	0.2167
graffiti	0.4267
graissage	0.245
grammaire	0.5917
grandeur	0.69
grange	0.4067
granit	0.2417
granule	0.265
graphique	0.6083
graphisme	0.3067
gratitude	0.4217
gravier	0.305
gravité	0.4917
gravure	0.3117
grec	0.4467
grenade	0.3433
grenat	0.115
grenouille	0.4117
grief	0.2667
griffe	0.395
gril	0.3067
grill	0.4017
grillage	0.3867
grille	0.5267
grille-pain	0.545
grillon	0.2117
grimace	0.5
grog	0.0167
grognement	0.3283
grondement	0.3533
grossesse	0.5633
grosseur	0.6333
grotte	0.3567
groupe	0.75
groupement	0.46
grue	0.1933
gruyère	0.1567
guerre	0.68
gueule	0.5333
guichet	0.6083
guidon	0.2983
guillemet	0.4617
guillotine	0.185
guimauve	0.3883
guise	0.225
guitare	0.67
gymnaste	0.345
gynécologie	0.2567
habit	0.5567
habitacle	0.1467
habitation	0.525
habitude	0.6817
hache	0.39
hachoir	0.1883
haie	0.3333
haine	0.4883
haleine	0.6167
haltère	0.2917
hamac	0.3533
hamburger	0.6867
hameçon	0.3117
hanche	0.4967
hangar	0.26
harcèlement	0.5133
hardes	0.065
harem	0.1567
harmonica	0.28
harmonie	0.485
harnais	0.2233
harpe	0.2067
hasard	0.6083
hâte	0.685
haussement	0.335
hautbois	0.135
hébergement	0.395
hélice	0.335
hémisphère	0.45
herbe	0.575
hérisson	0.2267
héritage	0.4683
héritier	0.3767
hermine	0.1133
hernie	0.25
héros	0.5367
herse	0.0683
hésitation	0.53
hêtre	0.0633
heurt	0.15
hibou	0.425
hic	0.2033
hiérarchie	0.4383
hiéroglyphe	0.1017
hindouisme	0.185
hippocampe	0.245
hippopotame	0.2767
hirondelle	0.3283
histoire	0.7033
historienne	0.2517
historique	0.5
hochet	0.23
hockey	0.73
homard	0.4283
hommage	0.4167
honneur	0.5633
honte	0.6033
hôpital	0.715
hoquet	0.4317
horizon	0.525
horloge	0.6683
hormone	0.545
horoscope	0.5717
horreur	0.5517
hostilité	0.325
hotdog	0.6067
hotte	0.1517
houille	0.06
huard	0.2333
hublot	0.1583
huée	0.1517
huître	0.275
humanité	0.55
humeur	0.7317
humiliation	0.46
humilité	0.38
humour	0.65
hune	0.0617
hurlement	0.395
hyène	0.1167
hypothèse	0.5867
iceberg	0.3167
identification	0.5733
identité	0.6467
if	0.1917
igloo	0.3167
ignominie	0.0283
ignorance	0.5067
iguane	0.1883
illustration	0.53
îlot	0.175
image	0.7083
imagerie	0.4017
imitation	0.485
immensité	0.3583
immeuble	0.5483
immobilité	0.3683
immuabilité	0.1683
impact	0.5867
impatience	0.6383
implantation	0.375
impossibilité	0.495
impossible	0.7183
imposteur	0.3167
imposture	0.235
impôt	0.6167
impression	0.65
imprimante	0.7167
imprimerie	0.4483
impuissance	0.425
impulsion	0.4317
incendie	0.485
incertitude	0.44
inceste	0.39
incident	0.4917
incision	0.295
inclination	0.3483
inconnu	0.59
inconvénient	0.5317
incorporation	0.325
incrustation	0.1533
inculpé	0.2717
incursion	0.2267
index	0.5833
indication	0.5183
indice	0.59
indien	0.4433
indifférence	0.45
indignation	0.205
individu	0.6933
indulgence	0.25
industrie	0.5533
inertie	0.2683
infarctus	0.24
infection	0.6067
infertilité	0.39
infidélité	0.4683
infinité	0.4333
infirmier	0.465
infirmité	0.2783
influence	0.6467
influx	0.34
ingénieur	0.5183
ingrédient	0.6433
initiation	0.5233
initiative	0.5433
injection	0.455
injure	0.295
innocence	0.525
innovation	0.4
inoccupé	0.3167
inquiétude	0.5333
inscription	0.64
insecte	0.5667
insecticide	0.3117
insémination	0.2233
insertion	0.43
insistance	0.3933
inspecteur	0.4367
inspection	0.485
inspiration	0.5367
installation	0.5183
instant	0.6617
instinct	0.55
institut	0.455
instituteur	0.3517
instruction	0.5833
instrument	0.6617
insuline	0.3883
insulte	0.6183
intégration	0.4533
intelligence	0.745
intensité	0.52
interaction	0.5317
intérêt	0.6967
interlocuteur	0.3167
interprétation	0.55
interrogation	0.5067
intervalle	0.5483
intervenant	0.435
intervention	0.5183
intimidation	0.4883
intimité	0.5983
intrigue	0.4233
introduction	0.6567
intuition	0.61
invasion	0.3833
invention	0.5633
inverse	0.5317
investissement	0.5033
invitation	0.64
invité	0.6867
invitée	0.6433
ironie	0.465
irruption	0.3817
isolement	0.4333
issue	0.4317
ivoire	0.24
ivresse	0.3283
jacquard	0.0633
jaguar	0.3333
jalon	0.1033
jambe	0.7333
jambon	0.6433
janvier	0.7667
jardin	0.575
jardinier	0.3817
jargon	0.2767
jarre	0.1467
javelot	0.1733
jazz	0.4167
jet	0.395
jetée	0.4917
jeton	0.4017
jeudi	0.84
jeunesse	0.6517
jonction	0.37
joueur	0.6967
joueuse	0.5383
jouissance	0.4017
journal	0.765
journaliste	0.5933
joyau	0.21
juillet	0.7117
juke-box	0.3217
jumelles	0.4783
jument	0.285
juré	0.4233
juron	0.2533
jury	0.4333
jus	0.7783
justesse	0.4433
justice	0.635
justification	0.5333
kangourou	0.2933
kayak	0.3867
képi	0.0467
kermesse	0.0467
kérosène	0.1683
kiosque	0.435
kir	0.0283
kiwi	0.4917
klaxon	0.4167
koala	0.2767
krill	0.0433
laboratoire	0.6133
labyrinthe	0.3333
lâcheté	0.2983
lacune	0.305
laideur	0.3817
laie	0.1517
laine	0.4867
laitier	0.3817
lama	0.21
lambeau	0.2233
lame	0.465
lamelle	0.2283
lampadaire	0.335
lampe	0.7417
lancement	0.4833
lance-pierres	0.1167
lancer	0.5983
landau	0.1017
languette	0.2083
lanterne	0.3483
lapin	0.485
lapsus	0.1917
laque	0.09
largeur	0.575
larme	0.64
lassitude	0.2167
lasso	0.1733
latte	0.145
lauréat	0.2483
laurier	0.4
lavabo	0.6967
lavage	0.7417
leçon	0.6583
lecteur	0.59
lecture	0.7833
légalité	0.4317
légende	0.5617
législation	0.3817
légume	0.8133
lemme	0.0467
lenteur	0.37
lentille	0.46
léopard	0.285
lèpre	0.1933
lésion	0.395
lettre	0.7417
leurre	0.1333
levée	0.5333
lever	0.68
levier	0.3583
lèvre	0.6917
lèvres	0.7233
levure	0.37
lexique	0.3633
lézard	0.3167
liage	0.1517
liaison	0.48
libellule	0.3467
libération	0.4233
liberté	0.6533
libraire	0.3683
licorne	0.2617
liège	0.31
lien	0.675
lierre	0.0833
lièvre	0.3367
ligament	0.3767
ligne	0.7167
lilas	0.3517
limace	0.2017
limande	0.0633
limite	0.69
limonade	0.5183
limousine	0.4117
lingerie	0.5217
linguistique	0.4383
lion	0.4283
lionceau	0.1517
lionne	0.305
liqueur	0.65
liquide	0.67
lisière	0.1817
lit	0.8467
litière	0.375
livre	0.88
livret	0.3783
local	0.685
location	0.5517
locomotive	0.2933
locution	0.2233
logement	0.6167
logiciel	0.56
logis	0.3583
loin	0.825
loisir	0.615
longueur	0.635
losange	0.3217
lotion	0.5167
louange	0.2383
loup	0.445
loutre	0.1533
louveteau	0.1683
loyauté	0.425
loyer	0.6167
lubie	0.0417
lubrifiant	0.4233
lubrification	0.45
lucarne	0.1367
lucidité	0.3067
luge	0.305
lumière	0.8967
lunch	0.6983
lundi	0.86
lune	0.7267
lunette	0.7217
lunettes	0.8067
luth	0.0733
lutin	0.345
lutte	0.46
lutteur	0.3
lynx	0.26
lyrisme	0.1333
macaron	0.375
macaroni	0.6567
machine	0.6983
maçon	0.185
magasin	0.82
magazine	0.6967
magie	0.515
magnétophone	0.2517
maille	0.2867
maillet	0.1567
maillon	0.2267
main	0.8583
mainmise	0.125
maintien	0.5367
mairie	0.3017
maïs	0.5317
maison	0.905
maisonnette	0.2067
maîtrise	0.58
majesté	0.3333
majorité	0.6567
malade	0.7917
maladie	0.7567
maladresse	0.2917
malaise	0.465
malentendu	0.53
malheur	0.5967
malice	0.3283
malle	0.2717
mallette	0.2583
maman	0.8867
mamelle	0.1767
mamelon	0.4133
mammouth	0.175
mandat	0.43
mandoline	0.1883
manège	0.4083
manette	0.4583
manie	0.4483
manifestation	0.5067
manivelle	0.2
manoeuvre	0.4183
manoir	0.3233
manuel	0.6217
mappemonde	0.1083
maquillage	0.6733
maracas	0.17
marais	0.2367
marathon	0.42
marcassin	0.095
marchandise	0.5017
marché	0.6733
mardi	0.79
marécage	0.25
maréchal	0.0667
marée	0.3383
marelle	0.18
margarine	0.67
marguerite	0.435
mari	0.6967
mariage	0.6917
marine	0.3767
marmelade	0.295
marmite	0.3933
marmotte	0.3517
marquis	0.18
marron	0.25
marteau	0.52
massage	0.6317
masse	0.5583
massif	0.3833
matelas	0.6333
matériau	0.485
matinée	0.4967
matou	0.2733
matrice	0.3017
maturité	0.5267
mécanique	0.52
méchanceté	0.42
médaille	0.495
médaillon	0.335
médecin	0.7267
médecine	0.6817
médiante	0.2233
méditation	0.4417
méduse	0.1933
méfait	0.3133
méfiance	0.4383
mégot	0.1817
mélancolie	0.3
mélange	0.6567
mélangeur	0.3733
mélasse	0.3667
mélèze	0.1133
melon	0.4417
menace	0.5533
ménage	0.6733
menhir	0.0733
menotte	0.3283
mensonge	0.5883
mention	0.435
menton	0.545
menu	0.6683
mépris	0.3483
mer	0.5683
merci	0.9083
mercredi	0.8433
merde	0.6683
merisier	0.175
mérite	0.5517
merle	0.1733
merveille	0.5183
mésange	0.18
mésaventure	0.28
mésencéphale	0.1433
message	0.7533
mesure	0.605
métabolisme	0.4683
métaphore	0.3833
météo	0.7383
méthode	0.68
meuglement	0.0833
meunier	0.1583
meute	0.1967
microbe	0.535
microscope	0.4267
midi	0.8567
miel	0.5417
migration	0.4633
milieu	0.75
militaire	0.475
mille	0.64
minéral	0.3667
ministère	0.5617
ministre	0.5717
minorité	0.5517
minuit	0.7933
miracle	0.5717
mirage	0.3183
miroir	0.7383
mission	0.5467
missionnaire	0.3483
mite	0.2233
mitraillette	0.2567
mitrailleuse	0.245
mixage	0.33
mixité	0.215
mobile	0.5183
mobilier	0.3183
mobilisation	0.4167
modalité	0.375
mode	0.7083
modestie	0.2717
modification	0.5883
module	0.4533
moelle	0.37
moi	0.8617
moine	0.2667
moisson	0.205
molaire	0.3717
molécule	0.4733
mollet	0.435
mollusque	0.2167
momie	0.2867
monarchie	0.37
monastère	0.2317
moniteur	0.4967
monnaie	0.6533
monologue	0.4067
monopole	0.3833
montage	0.4683
montagne	0.6317
montant	0.655
monte-pente	0.235
montgolfière	0.3667
monticule	0.1833
montre	0.72
monture	0.27
monument	0.425
moquette	0.2033
moral	0.6017
morale	0.5683
moralité	0.4617
morceau	0.6817
morosité	0.1583
mors	0.15
morsure	0.2567
mort	0.745
mortier	0.1983
morue	0.2783
mot	0.8533
motard	0.3367
motel	0.515
moteur	0.6283
motif	0.465
motion	0.3967
motivation	0.5917
moto	0.4733
motte	0.1883
mouche	0.6267
moucheron	0.1817
mouette	0.42
moule	0.3667
moulin	0.3367
moulinet	0.1517
moulure	0.2583
mousquetaire	0.245
mousse	0.51
moustache	0.5033
moustique	0.4683
mouton	0.3967
mouvement	0.6683
moyen	0.735
moyenne	0.7333
moyeu	0.065
muguet	0.17
mulet	0.1333
mulot	0.2117
multiple	0.52
multiplication	0.5117
multitude	0.485
municipalité	0.5267
mur	0.6783
muraille	0.2967
mûre	0.4383
muret	0.145
murmure	0.37
musaraigne	0.0317
musc	0.0383
museau	0.3467
musée	0.545
muselière	0.145
musicien	0.5867
mutation	0.3583
mutisme	0.1867
mycose	0.0667
myope	0.3417
mystère	0.5467
mythe	0.42
nage	0.5083
nageur	0.435
nain	0.3533
naïveté	0.3717
narration	0.3667
nasillement	0.0767
nation	0.53
natte	0.1817
naufrage	0.285
navet	0.3633
navette	0.3767
navigateur	0.4067
navigation	0.3783
navire	0.4167
néant	0.2233
nécessité	0.555
nef	0.0383
négatif	0.7467
négation	0.385
négociation	0.495
nerf	0.6433
nervosité	0.495
netteté	0.335
neutralité	0.3467
neveu	0.495
niais	0.1617
niche	0.295
nicotine	0.5217
nid	0.4383
niveau	0.6583
noblesse	0.2783
noce	0.4317
noeud	0.5533
noir	0.7967
noisette	0.4417
noix	0.53
nombril	0.5483
nonne	0.1183
norme	0.5867
notion	0.5317
nougat	0.1433
nourrisson	0.3233
nourriture	0.765
nouveauté	0.6267
nouvelle	0.8417
novembre	0.73
noyau	0.5433
nu	0.6317
nuage	0.6917
nue	0.6
nuitée	0.1917
nul	0.5
numéro	0.7933
nylon	0.4267
oasis	0.2933
obéissance	0.4167
objectif	0.7017
objection	0.5
objectivité	0.4683
objet	0.8133
obligation	0.5867
obscénité	0.275
obscurcissement	0.1
obscurité	0.445
observation	0.6733
obsession	0.5567
obstacle	0.6083
obus	0.1667
occasion	0.6333
océan	0.5933
octave	0.265
octet	0.2383
octobre	0.745
octroi	0.1583
odeur	0.6767
odorat	0.4467
oedème	0.1283
oeil	0.7967
oestrogène	0.3917
oeuf	0.765
offense	0.4767
officier	0.445
oie	0.2767
oignon	0.6517
oiseau	0.6233
olfaction	0.1067
olive	0.5417
olivier	0.2983
ombrage	0.435
ombre	0.5517
oncle	0.6967
onctuosité	0.1017
ongle	0.65
onguent	0.3517
opéra	0.395
opérateur	0.4533
opercule	0.0417
opinion	0.74
opportunité	0.5783
opposition	0.5717
optimisme	0.485
or	0.605
orange	0.7683
orchestre	0.4167
ordinaire	0.7233
ordinateur	0.9033
ordonnance	0.3933
ordre	0.67
ordure	0.435
oreiller	0.7633
organisateur	0.5383
organisation	0.6683
organisme	0.6517
orgue	0.2833
orgueil	0.455
orientation	0.5983
orifice	0.25
origine	0.635
ornement	0.3167
ornière	0.13
ornithorynque	0.055
orteil	0.6667
orthographe	0.5917
ossature	0.2183
osselet	0.2033
otage	0.2933
ouate	0.3517
oubli	0.6633
ouragan	0.42
ourlet	0.0933
ourson	0.3717
outil	0.6167
ouverture	0.615
ouvrage	0.5567
ovule	0.4233
oxygénation	0.1917
pacotille	0.095
page	0.405
paiement	0.65
paille	0.5
paillis	0.0767
pain	0.835
palace	0.2183
palais	0.3683
pâleur	0.27
palier	0.3
palissade	0.14
palme	0.2883
palmier	0.31
panache	0.245
panda	0.2683
panneau	0.46
panthère	0.2717
pantoufle	0.6283
paon	0.135
papa	0.8483
pape	0.4467
papillon	0.5067
paquet	0.5683
parachute	0.425
parade	0.4433
paradoxe	0.385
paragraphe	0.6667
paramètre	0.4067
parapluie	0.59
parasite	0.38
parasol	0.37
paratonnerre	0.1133
parc	0.6533
parcours	0.515
pardon	0.6067
pare-chocs	0.2933
pareil	0.67
parenté	0.605
parenthèse	0.55
paresse	0.5633
paresseux	0.6683
parfum	0.6817
pari	0.42
parlement	0.6217
parloir	0.17
parodie	0.275
paroi	0.395
partage	0.6467
partenaire	0.6167
partenariat	0.3933
parterre	0.4667
parti	0.6517
participant	0.675
participation	0.6733
participe	0.63
partie	0.77
passage	0.5617
passager	0.595
passant	0.4517
passeport	0.5567
passion	0.5933
passoire	0.3983
pastèque	0.145
pastille	0.4233
patate	0.7383
pâté	0.525
patience	0.6183
patient	0.675
patin	0.6233
patinage	0.545
pâtisserie	0.445
pâtre	0.115
patrie	0.2917
patrimoine	0.395
patron	0.615
patrouille	0.3883
patte	0.5933
paume	0.4533
paupière	0.515
pavillon	0.4967
paysan	0.37
pêcheur	0.4667
pédalo	0.3017
peigne	0.6417
peine	0.755
peintre	0.4467
pelage	0.2567
pélican	0.2817
pelle	0.5233
pelote	0.1633
peloton	0.18
pelouse	0.4783
pelure	0.4533
pelvis	0.2467
penchant	0.4117
pendentif	0.275
pendule	0.325
pénétration	0.53
péniche	0.1267
péninsule	0.2533
pénitencier	0.3017
pension	0.4617
pensionnat	0.3
pénurie	0.3333
pépin	0.36
pépinière	0.25
perception	0.555
perchoir	0.19
perdrix	0.2517
perfection	0.6283
performance	0.6133
perfusion	0.215
péril	0.3067
périphérie	0.3283
permanence	0.475
permis	0.7
permission	0.6133
perron	0.3433
perroquet	0.3883
perruche	0.3233
perruque	0.36
persil	0.41
personnalité	0.7183
personne	0.8917
perspective	0.5483
peste	0.3817
pétale	0.4417
pétard	0.3517
petit	0.825
pétition	0.5183
pétrole	0.5983
phalange	0.175
phantasme	0.3533
philatélie	0.045
phobie	0.5033
photo	0.785
photographie	0.6217
pianiste	0.425
piano	0.6017
pichet	0.435
pied	0.7617
piège	0.5517
pierre	0.595
piété	0.1617
pif	0.1867
pige	0.3717
pignon	0.2483
pilier	0.2533
pillage	0.2467
pilon	0.2683
pilote	0.5233
pilule	0.74
piment	0.615
pin	0.3467
pinceau	0.4733
pincée	0.4233
pingouin	0.3467
ping-pong	0.3467
pinson	0.235
pinte	0.3467
piolet	0.08
pion	0.2533
pipe	0.4783
piquant	0.5767
piquet	0.32
piqûre	0.53
piratage	0.3433
pirate	0.3983
pirouette	0.3467
pissenlit	0.42
pistolet	0.2883
piston	0.34
pitié	0.6067
pizza	0.755
pizzeria	0.5
place	0.8133
placement	0.5133
plagiat	0.58
plaine	0.3817
plaisanterie	0.375
planification	0.5267
plaque	0.5033
plaquette	0.3283
plastique	0.7517
platane	0.075
plénitude	0.21
pleur	0.6267
pleurs	0.5483
plomb	0.3767
plongeon	0.4017
plongeur	0.4167
pluie	0.75
plumage	0.2717
plume	0.6133
pluriel	0.6383
pochette	0.3933
poésie	0.53
poignard	0.34
poignée	0.5767
poinçon	0.2217
poing	0.5133
pointage	0.4367
pointe	0.5483
pointure	0.385
poire	0.58
poireau	0.2833
poison	0.475
poisson	0.655
poitrine	0.5983
poivre	0.6467
poivron	0.41
polissage	0.2333
polisseuse	0.205
politesse	0.55
politique	0.7217
pollen	0.3767
pollution	0.735
polyvalence	0.2383
pomme	0.7467
pomme de terre	0.5333
pommette	0.2717
pompon	0.4017
poney	0.2833
pont-levis	0.1133
population	0.7217
porc	0.545
porche	0.3533
portail	0.2683
porte	0.8283
portée	0.4583
porteur	0.4067
portier	0.3083
portion	0.575
portrait	0.585
pose	0.5183
position	0.6883
possibilité	0.675
possible	0.78
poste	0.6417
potage	0.3867
potager	0.28
poterie	0.3233
potin	0.3433
potiron	0.09
pou	0.365
pouding	0.5183
poudre	0.5317
pouf	0.2767
poulailler	0.3
poulain	0.2383
poule	0.5433
poulet	0.7033
poulie	0.28
poulpe	0.1117
poumon	0.5867
poupon	0.255
pourboire	0.5867
pourcentage	0.7217
poursuite	0.4633
poussée	0.5
poussette	0.3333
poussin	0.4083
poutre	0.2983
pouvoir	0.7083
prairie	0.4483
praline	0.2017
préavis	0.2767
précaution	0.4833
précepte	0.2533
précipité	0.4117
précis	0.5917
précision	0.5617
prédicat	0.23
prédiction	0.53
préface	0.3833
préférence	0.5933
préfet	0.2167
préjugé	0.5483
prélude	0.2517
premier	0.78
prémisse	0.3083
prénommé	0.3017
préoccupation	0.4467
préparation	0.5667
préposition	0.45
présent	0.6983
présentation	0.64
présentoir	0.2717
président	0.6783
pressentiment	0.4067
pression	0.595
prestation	0.3283
prestige	0.4017
prétention	0.4067
prétexte	0.425
preuve	0.645
prévention	0.5667
prière	0.5417
princesse	0.49
principe	0.6333
priorité	0.6267
privilège	0.5317
prix	0.795
probabilité	0.61
procédé	0.5433
procédure	0.5383
procès	0.5217
procession	0.33
processus	0.5717
procréation	0.2817
procureur	0.3833
producteur	0.5067
production	0.61
produit	0.7117
professeur	0.795
professeure	0.7483
profil	0.5517
programmation	0.465
progrès	0.61
progression	0.455
projectile	0.3067
projection	0.5017
promesse	0.6083
promotion	0.5567
pronom	0.515
propagande	0.39
prophète	0.3233
proportion	0.5333
propos	0.5983
proposition	0.5983
propre	0.7517
propriétaire	0.6167
propulseur	0.1917
protestation	0.4883
protocole	0.3933
prototype	0.285
proverbe	0.4733
province	0.7217
provision	0.43
proximité	0.4233
prude	0.1583
prudence	0.52
prune	0.3367
pruneau	0.33
prunier	0.1967
puberté	0.545
publication	0.5217
pudeur	0.2817
puissance	0.59
puits	0.325
pull-over	0.2217
pulsion	0.4233
punition	0.6083
pupille	0.49
pupitre	0.5917
purée	0.4167
purgatoire	0.1817
pus	0.33
puzzle	0.4167
pylône	0.1517
pyramide	0.4183
python	0.1917
quadrupède	0.15
qualification	0.5317
qualité	0.7
quantité	0.6917
querelle	0.2967
question	0.8633
quille	0.39
quota	0.3533
rabâchage	0.1267
rabais	0.6067
rabot	0.1067
rachat	0.1633
racine	0.5217
raclée	0.245
radeau	0.2
radio	0.7717
radioguidage	0.07
rafale	0.2467
ragoût	0.395
raid	0.21
raideur	0.3117
raie	0.2217
rail	0.3
raisin	0.5717
raison	0.765
rallye	0.215
rame	0.365
rameau	0.265
rançon	0.265
rancune	0.3433
randonnée	0.4433
rappel	0.6217
rapport	0.6683
rapt	0.0317
rareté	0.405
rasage	0.485
rasoir	0.625
rat	0.4917
râteau	0.3483
ration	0.2767
raton	0.2817
ravage	0.3433
ravin	0.21
rayon	0.525
rayure	0.3483
réaction	0.6267
réalisation	0.555
réalisme	0.4617
réalité	0.705
rébellion	0.355
rebond	0.3333
recel	0.1267
réception	0.5367
recette	0.635
recherche	0.7117
récipient	0.4533
réciprocité	0.3333
récit	0.4467
réclamation	0.4467
récolte	0.435
recommandation	0.5483
récompense	0.5783
reconnaissance	0.5183
recourbure	0.15
recours	0.4417
recrue	0.3467
recrutement	0.4383
recteur	0.3217
reçu	0.715
recul	0.4733
rédaction	0.5083
réduit	0.5267
référence	0.5683
reflet	0.515
réflexe	0.615
réflexion	0.6233
réforme	0.3933
refrain	0.5117
réfrigérateur	0.6967
refuge	0.43
refus	0.515
régal	0.3767
régiment	0.305
région	0.6917
registre	0.3967
réglage	0.34
règlement	0.7
réglementation	0.48
règles	0.7467
regret	0.5267
rejet	0.495
relais	0.3883
relativité	0.3983
relaxation	0.5967
relevé	0.5083
relève	0.4367
relief	0.3883
religion	0.5983
reliure	0.2267
remboîtage	0.1417
remerciement	0.5267
remise	0.495
remords	0.415
remorqueur	0.2817
remoulage	0.1633
remous	0.2017
rempart	0.1733
remplacement	0.56
rémunération	0.44
renaissance	0.3783
renard	0.395
rencontre	0.6917
rendement	0.5167
renfort	0.36
renne	0.2267
renom	0.1983
renseignement	0.635
rentrée	0.6017
renvoi	0.42
réparation	0.5933
répartition	0.435
repas	0.8033
répertoire	0.4617
répéteur	0.2417
répétition	0.5833
répit	0.3333
repli	0.3533
réplique	0.4767
reporter	0.46
repos	0.685
représentant	0.5433
reprise	0.5433
reproche	0.515
république	0.4
réputation	0.6217
requête	0.3967
requin	0.425
réseau	0.565
réservation	0.6083
réserve	0.5767
réservoir	0.4267
résidence	0.6733
résine	0.29
résolution	0.5483
respiration	0.645
ressemblance	0.5317
ressort	0.37
ressource	0.605
restaurant	0.8
restauration	0.4317
reste	0.7567
résumé	0.6883
retard	0.685
rétention	0.3333
retentissement	0.1733
retenue	0.5017
rétine	0.36
retour	0.6583
retrait	0.5267
rétroprojecteur	0.43
rets	0.0817
revanche	0.48
réveil	0.7233
révélation	0.4017
réverbère	0.145
révérence	0.235
rêverie	0.3767
révision	0.625
révolte	0.4717
révolution	0.5217
revolver	0.2867
revue	0.6467
rhinocéros	0.23
ride	0.4917
rideau	0.7
rien	0.87
rigole	0.3417
rigueur	0.3583
rires	0.6633
risée	0.1783
rituel	0.3483
rival	0.37
rivalité	0.3833
rizière	0.0583
robinet	0.575
robot	0.4967
roche	0.64
rocher	0.4483
rôle	0.6567
romancier	0.305
romanichel	0.04
romantisme	0.4317
rondelle	0.42
rondin	0.1783
roquette	0.1767
rose	0.675
rosée	0.3817
rosette	0.2967
rossignol	0.265
rotule	0.2733
roue	0.69
rouet	0.13
rougeur	0.455
rouleau	0.5217
roulement	0.3783
roulotte	0.3817
route	0.6917
royaume	0.3717
ruade	0.0883
ruban	0.4617
rubis	0.245
rubrique	0.2917
ruche	0.2133
rudesse	0.305
ruelle	0.355
ruisseau	0.4317
rumeur	0.6167
rupture	0.4217
rythme	0.555
sable	0.5317
sablier	0.3017
sabotage	0.3117
sac	0.7833
sachet	0.4317
sacoche	0.585
sacrifice	0.5217
sadisme	0.2067
sagesse	0.4867
saisie	0.3717
saison	0.6817
saisonnier	0.4133
salarié	0.3817
salière	0.435
salive	0.5633
salon	0.7883
salut	0.825
salutation	0.3783
sanction	0.3467
sanctuaire	0.2483
sandwich	0.7917
sang	0.6817
sanglier	0.2683
sanglot	0.3283
sapin	0.5033
sapinière	0.175
sardine	0.2817
satellite	0.5133
satire	0.2233
saucisse	0.585
saucisson	0.36
saule	0.2533
saumon	0.545
sauterelle	0.3283
sauvage	0.495
savane	0.2183
saveur	0.58
sbire	0.0117
scalp	0.1333
scalpel	0.22
scandale	0.5067
scaphandrier	0.05
scarabée	0.1617
sceau	0.34
scellage	0.2183
scénario	0.4683
schéma	0.5267
scie	0.3967
science	0.7267
scientifique	0.6267
scission	0.1417
scorpion	0.36
scoutisme	0.1517
scrupule	0.2933
scrutin	0.2767
sculpture	0.48
sécateur	0.1417
séchage	0.46
sécheresse	0.4183
sécheuse	0.645
séchoir	0.6017
secours	0.4917
secousse	0.4233
secret	0.7267
secrétaire	0.6333
secrétariat	0.545
section	0.5983
séducteur	0.3967
séduction	0.5367
seigneur	0.4783
sein	0.6467
séjour	0.485
sel	0.7533
sélection	0.6
selle	0.275
sellier	0.1817
semelle	0.425
semence	0.28
séminaire	0.41
semonce	0.125
sénat	0.4117
sénateur	0.4683
sens	0.68
sensibilité	0.5217
senteur	0.5483
sentiment	0.7383
sentinelle	0.18
séparation	0.5617
sept	0.7633
septembre	0.7433
séquence	0.5033
sérénité	0.34
sérieux	0.6733
serin	0.26
seringue	0.3233
serment	0.3567
sermon	0.2933
serpe	0.1017
serpent	0.4233
serre	0.42
serre-joints	0.0983
sérum	0.26
serviteur	0.3533
servitude	0.2417
session	0.6683
sévérité	0.385
sexe	0.7867
sextant	0.0783
shampooing	0.69
siamois	0.275
sifflement	0.4133
signal	0.5733
signature	0.7183
silencieux	0.5867
silhouette	0.455
sillage	0.1667
sillon	0.1983
silo	0.1667
simplicité	0.48
simulation	0.4583
sincérité	0.435
singe	0.4967
sinistre	0.3483
sirène	0.4517
sirop	0.595
site	0.675
situation	0.6733
six	0.775
skieuse	0.425
snob	0.45
soeurette	0.2417
sofa	0.6333
soif	0.765
sol	0.5617
sole	0.2517
soleil	0.855
solidarité	0.4683
solidité	0.4467
solitaire	0.525
solitude	0.5583
solution	0.7383
solvabilité	0.1967
sombrero	0.18
sommaire	0.42
somme	0.625
sommeil	0.7533
sommier	0.1683
somnambule	0.3333
son	0.7533
sonate	0.1217
sondage	0.6017
songe	0.3467
sonnerie	0.5683
sonnette	0.405
sonorité	0.33
sorbet	0.3233
sorcier	0.325
sorte	0.7183
sortie	0.8017
sottise	0.2467
soucoupe	0.3767
soudure	0.3017
souffle	0.555
soufflé	0.4167
souhait	0.5917
soulagement	0.495
soulèvement	0.375
soulier	0.7117
soumission	0.4467
soupape	0.1583
soupçon	0.4
soupe	0.7033
soupir	0.5
souplesse	0.34
sourcil	0.6
sourd-muet	0.3183
sourire	0.7733
souris	0.615
soutane	0.1533
soute	0.1933
souterrain	0.3583
soutien	0.5517
souvenirs	0.7233
spaghetti	0.7267
sparadrap	0.0633
spatule	0.4833
spécialiste	0.6017
spécialité	0.59
spécification	0.4717
spécimen	0.3633
spectacle	0.6917
spectateur	0.5417
sperme	0.53
sphinx	0.1867
spirale	0.3217
splendeur	0.3533
spontanéité	0.3333
spore	0.1617
squelette	0.4783
stade	0.5433
stage	0.6017
stalactite	0.09
standard	0.53
station	0.59
statistique	0.6333
stature	0.3133
statut	0.5517
steak	0.6433
stèle	0.0983
stéthoscope	0.1783
stimulant	0.495
stimulation	0.5183
stimulus	0.5067
stratégie	0.5667
stress	0.8183
structure	0.5917
studio	0.4733
stupéfiant	0.3817
stupeur	0.1967
stylo	0.6333
submersion	0.1933
substance	0.575
subvention	0.4883
succès	0.6567
succession	0.4267
sucette	0.2917
sucre	0.755
sucrerie	0.4233
sucrier	0.3583
suédois	0.2567
suffixe	0.2983
suggestion	0.615
suif	0.1183
sujet	0.7267
sumo	0.1283
supercherie	0.1583
supériorité	0.5217
supplément	0.5317
supplice	0.2933
support	0.5733
supposition	0.5117
surdité	0.33
sûreté	0.3883
surplus	0.5567
surprise	0.68
sursaut	0.3667
surveillance	0.5333
survie	0.5217
survol	0.4567
suspens	0.4317
suspension	0.45
syllabe	0.45
symétrie	0.3767
sympathie	0.56
syndicat	0.4967
synonyme	0.585
synthèse	0.5383
tabassée	0.1683
tabatière	0.155
table	0.8617
tablette	0.6217
tabou	0.365
tache	0.6467
tact	0.28
talent	0.67
talisman	0.145
talon	0.5133
talus	0.095
tambour	0.3783
tamis	0.155
tampon	0.5783
tam-tam	0.21
tante	0.6933
taon	0.1283
tapioca	0.2083
tapisserie	0.3933
tarif	0.4767
tartare	0.2017
tas	0.4717
tasse	0.7133
tatou	0.5133
taudis	0.185
taupe	0.2033
taureau	0.3833
taxi	0.6933
technicien	0.5317
technique	0.655
technologie	0.6933
teinte	0.4233
tek	0.0167
télégramme	0.24
téléphone	0.8933
télescope	0.3933
téléspectateur	0.3883
téléviseur	0.53
témoignage	0.4683
tempérament	0.4467
température	0.8417
tempête	0.6633
tempo	0.2467
temporalité	0.2383
ténacité	0.2967
tendance	0.6033
tendon	0.38
tendresse	0.5083
ténèbres	0.2667
tension	0.52
tentacule	0.2217
tentation	0.4833
tente	0.55
tenue	0.4733
terminal	0.4083
terminus	0.42
terrasse	0.4767
terreur	0.48
terrier	0.3017
terrorisme	0.5667
testament	0.42
testostérone	0.4483
têtard	0.2567
tête	0.8667
tétine	0.25
thé	0.6583
thème	0.5783
thermomètre	0.5483
thermos	0.4017
thermostat	0.4433
thyroïde	0.2667
tibia	0.2883
ticket	0.6183
tige	0.4333
timbale	0.2233
timbre	0.565
timidité	0.4583
tintamarre	0.1383
tirage	0.52
tirelire	0.2333
tiret	0.45
tiroir	0.635
tisane	0.4517
tison	0.1983
tissage	0.26
titre	0.7583
titulaire	0.36
toc	0.2283
toiture	0.38
tomate	0.685
tombeau	0.3433
tombée	0.565
tome	0.2633
ton	0.5933
tonique	0.2533
tonneau	0.2817
tonnerre	0.4517
toque	0.2283
torche	0.3367
torchon	0.345
tornade	0.4583
torpeur	0.1767
torpille	0.2017
torrent	0.2417
torsion	0.2333
tortue	0.3933
torture	0.4183
total	0.77
totalité	0.5133
totem	0.2167
toucan	0.1617
toupie	0.2917
tourbière	0.2267
tourbillon	0.375
tourelle	0.11
tourisme	0.5017
tourment	0.2983
tournage	0.415
tournant	0.39
tourne-disque	0.2633
tournée	0.53
tournesol	0.4433
tournevis	0.4833
tourniquet	0.1517
tournoi	0.5367
tourterelle	0.2267
toutou	0.5917
toux	0.545
tracas	0.27
tracé	0.4067
traction	0.3233
tradition	0.5933
traduction	0.5417
trafic	0.7333
tragédie	0.5083
tragédien	0.1167
trahison	0.3917
traîne	0.3767
traite	0.4833
traité	0.4667
traitement	0.6017
trampoline	0.4033
tranchant	0.4
tranchée	0.4083
tranquillité	0.5733
transaction	0.5833
transfert	0.5517
transformation	0.5717
transistor	0.105
transport	0.685
trappe	0.35
travailleur	0.6567
travée	0.1517
travers	0.62
traversée	0.46
traversier	0.3517
trèfle	0.3633
treillis	0.1933
tremblement	0.455
trésor	0.455
triage	0.3583
triangle	0.555
tribu	0.3367
tribunal	0.415
tribune	0.3483
tricot	0.335
trimestre	0.4917
trio	0.4533
triomphe	0.33
tristesse	0.5683
trombone	0.49
trompette	0.42
tronc	0.4833
trône	0.3133
trottinette	0.26
trottoir	0.6567
troupeau	0.3967
trousse	0.46
truc	0.58
truelle	0.1467
tuba	0.2183
tube	0.5417
tuile	0.4267
tulipe	0.4367
tumeur	0.4617
tumulte	0.095
tunique	0.175
tunnel	0.53
tuque	0.61
turbine	0.2167
tympan	0.36
ulcère	0.3233
unicité	0.2583
uniforme	0.555
union	0.5667
unisson	0.2517
urgence	0.6683
urine	0.45
urne	0.1733
usage	0.62
usure	0.3333
utilisation	0.61
vacance	0.7233
vacances	0.7717
vacarme	0.2383
vaccin	0.53
vaccination	0.4717
vache	0.6517
vague	0.5017
vague	0.27
vaisseau	0.4033
vaisselier	0.235
valeur	0.67
valise	0.5567
vallée	0.4167
vallon	0.125
vanille	0.5433
vanité	0.3
vapeur	0.5467
variation	0.505
variété	0.575
vase	0.4583
vedette	0.545
végétal	0.4883
véhicule	0.615
vélo	0.515
velours	0.33
vendeur	0.62
vendredi	0.835
vengeance	0.4767
venin	0.2467
ventre	0.7283
venue	0.5117
ver	0.4133
verbe	0.6567
verdict	0.3883
verge	0.2917
verger	0.2433
verglas	0.4533
vérification	0.5367
vérité	0.6333
vernis	0.4317
vernissage	0.2433
verrière	0.135
verrou	0.295
versant	0.26
version	0.5533
vertèbre	0.3933
vertu	0.355
veste	0.5617
vestiaire	0.5083
vestibule	0.19
vestige	0.2983
veston	0.4133
viaduc	0.2017
viande	0.7817
vice-président	0.49
victime	0.6433
victoire	0.5383
vidéo	0.7417
videur	0.2383
vie	0.8683
vieillard	0.545
vieillesse	0.5617
vigilance	0.295
vigile	0.2417
vignette	0.2867
vigueur	0.4417
villa	0.2567
vin	0.675
viol	0.5033
violence	0.685
violette	0.365
violon	0.4717
vipère	0.175
virage	0.485
virgule	0.5933
virilité	0.26
virtuosité	0.2083
virulence	0.14
virus	0.6433
visage	0.775
viscosité	0.2133
visée	0.43
visibilité	0.5067
visite	0.7117
visiteuse	0.3767
vitamine	0.6467
vitesse	0.7267
vitrail	0.2917
vitre	0.6967
vocation	0.3233
voeu	0.4533
voile	0.4017
voilette	0.1883
voilier	0.3667
voisin	0.725
voisinage	0.4533
voix	0.71
volaille	0.325
volcan	0.43
volet	0.3117
volontaire	0.5733
volonté	0.5483
volt	0.325
voltage	0.325
volume	0.74
volupté	0.1733
voûte	0.1683
voyageur	0.55
voyelle	0.48
vue	0.745
vulgarité	0.3483
vulve	0.3
wagon	0.3067
wok	0.2133
yacht	0.17
yak	0.1017
yoyo	0.3333
yod	0.0533
zèbre	0.2983
zoo	0.4233
abri	0.3867
absence	0.6517
accueil	0.4833
activité	0.7533
actrice	0.6183
adolescent	0.7533
adoration	0.35
adulte	0.8317
affaire	0.6617
affiche	0.5383
agent	0.46
agrafe	0.375
agression	0.5717
aiguille	0.5367
air	0.745
aise	0.3767
aisselle	0.345
alaise	0.265
alcool	0.7533
alexandrin	0.135
alliance	0.4
allumette	0.715
alouette	0.2733
alphabet	0.5433
ambition	0.615
amélioration	0.61
ami	0.87
amitié	0.7267
amour	0.8717
amourette	0.2233
amusement	0.4933
analyse	0.56
anarchiste	0.1467
animal	0.765
animateur	0.4983
anniversaire	0.6617
antenne	0.4033
antiquaire	0.15
apparence	0.5983
apparition	0.3367
après-midi	0.8733
aquarium	0.4
arachide	0.435
arbitre	0.5517
argent	0.9367
arme	0.5267
armée	0.5767
arrêt	0.7317
art	0.6133
article	0.59
artiste	0.6133
ascenseur	0.7467
assaisonnement	0.4417
assurance	0.6117
atelier	0.4383
attache	0.5517
attente	0.53
attention	0.78
attitude	0.68
auberge	0.34
auditoire	0.3933
autel	0.2583
auteur	0.6467
auto	0.8967
autobus	0.8333
automne	0.6617
autorité	0.5417
autoroute	0.545
aventure	0.5183
avocat	0.5933
baguette	0.4533
baignoire	0.385
baïonnette	0.1567
ballerine	0.3683
banc	0.595
bandeau	0.5517
bandit	0.475
bandoulière	0.1533
banquette	0.2617
banquier	0.48
banquise	0.1817
barbier	0.4967
barboteuse	0.1267
barreau	0.465
bas	0.8183
bassin	0.4317
bâtiment	0.5217
bâton	0.6833
batterie	0.5917
beauté	0.67
bébé	0.8217
bedeau	0.14
beffroi	0.035
bénitier	0.0833
benjamine	0.1383
berceau	0.5017
berceuse	0.395
berger	0.3067
besoin	0.7783
bétail	0.2983
bête	0.4733
bibelot	0.3583
bibliothèque	0.7683
bière	0.8717
bijou	0.665
bilan	0.32
billet	0.6883
biscuit	0.8133
bison	0.2283
bocal	0.4983
bohémienne	0.2017
boisson	0.7533
boîte	0.7583
bol	0.745
bombardement	0.4533
bonhomme	0.5817
bonnet	0.2533
bord	0.66
botte	0.7983
boucher	0.5167
bouchon	0.6583
bouclier	0.2133
boue	0.465
bouffon	0.3133
bouillotte	0.1817
boule	0.545
bouquetière	0.3267
bouquin	0.3617
bourgeois	0.3433
bourgeon	0.3167
bourrelet	0.3433
boxeur	0.59
bracelet	0.6683
brancard	0.17
brebis	0.305
brigand	0.1783
briquet	0.4317
brouillard	0.455
broyeur	0.2383
brunette	0.4483
bûcheron	0.4767
buffet	0.625
buffle	0.0933
buisson	0.32
bulletin	0.6767
but	0.7733
buveuse	0.415
cabane	0.685
cabaret	0.3233
cabine	0.5317
cadavre	0.4667
cadeau	0.7583
cadette	0.305
cafetière	0.6333
caillou	0.3217
caisse	0.6467
calculatrice	0.6817
calendrier	0.7717
cambrioleur	0.4067
camelot	0.2383
caméra	0.69
camionneur	0.5233
campagnarde	0.1967
campus	0.7733
canal	0.6567
candidate	0.6017
canine	0.2283
cannelle	0.4117
canot	0.5017
cantinier	0.105
capitaine	0.5117
caractère	0.6517
cardinal	0.2833
carnet	0.4783
carreau	0.535
carte	0.7033
carton	0.5333
casier	0.6767
casquette	0.6683
casserole	0.5483
cathédrale	0.3617
cavalier	0.2667
cavalière	0.2167
cendre	0.4317
cendrier	0.6267
censure	0.2967
centaine	0.55
cercle	0.58
céréale	0.83
cerf-volant	0.3833
certificat	0.5433
cerveau	0.6933
cervelle	0.4633
chaîne	0.585
chaleur	0.7817
chandelier	0.4733
chandelle	0.655
changement	0.7367
chanson	0.7767
chansonnette	0.17
chansonnier	0.3617
chant	0.5583
chanteur	0.71
chapelet	0.3683
charbon	0.3683
charcutier	0.2283
charge	0.595
chariot	0.4117
charlatan	0.1833
charpentier	0.285
charrette	0.3633
charrue	0.5083
chasseur	0.5567
chaudière	0.535
chauffeur	0.6733
chaumière	0.1517
chef	0.6833
chemin	0.7483
chemise	0.8267
chercheur	0.485
chevalet	0.1517
chevalier	0.35
chicane	0.7483
chiffon	0.31
chiot	0.36
chirurgienne	0.4317
chocolat	0.82
choix	0.805
chope	0.1067
chorale	0.4017
cicatrice	0.5767
cigale	0.2917
cinéma	0.7117
circuit	0.4383
citadin	0.155
citadine	0.1083
cité	0.2917
clarinette	0.2433
classe	0.825
classeur	0.495
clavier	0.535
clignotant	0.5467
climat	0.605
clinicien	0.32
clochard	0.3717
clown	0.455
cocotier	0.175
coeur	0.7933
cognée	0.4017
coiffeur	0.6083
coiffeuse	0.68
coin	0.6617
coït	0.1383
colère	0.58
colis	0.3517
collaboratrice	0.3817
colle	0.5467
collectionneur	0.4283
collège	0.72
collégienne	0.315
collier	0.6033
colonel	0.35
colonne	0.6433
combat	0.4917
combattant	0.4383
comble	0.27
comédienne	0.6483
commandant	0.3883
commentaire	0.6883
commentatrice	0.3417
commerçante	0.3433
commis	0.4683
communication	0.7267
compagnon	0.5733
compétition	0.65
comportement	0.67
compresseur	0.2083
concert	0.6583
concierge	0.5233
conclusion	0.7417
concours	0.5783
conducteur	0.5467
conductrice	0.4433
conférencière	0.295
confessionnal	0.2783
conflit	0.6217
confort	0.5617
congélateur	0.6183
connaissance	0.6883
connerie	0.4767
conseil	0.6133
consonne	0.45
consultante	0.4167
contact	0.6333
contenu	0.55
contexte	0.5017
continent	0.5133
contraire	0.72
contrebandier	0.2683
convalescence	0.2933
conversation	0.7083
convoyeur	0.155
coopérative	0.4183
coordinatrice	0.5283
copain	0.5883
copie	0.7617
copine	0.4517
coquelicot	0.3067
corbeau	0.3067
corde	0.6383
cordonnier	0.435
côtelette	0.3417
coucou	0.2933
couloir	0.5133
coup	0.7133
cour	0.58
courant	0.565
coureur	0.5367
courrier	0.66
cours	0.895
course	0.6317
courtier	0.3233
courtisane	0.13
coussin	0.6783
couturière	0.55
couverture	0.635
crachat	0.3483
crasse	0.315
créateur	0.37
création	0.525
cri	0.635
criminel	0.695
criminelle	0.575
crise	0.6383
cristal	0.4233
cristallin	0.235
crochet	0.51
croissance	0.565
croissant	0.6467
croquis	0.3517
crotte	0.5233
cuisinier	0.6383
cul	0.505
culotte	0.8183
culte	0.2767
cultivateur	0.4733
curé	0.46
cure-pipe	0.11
curiosité	0.58
cuvette	0.2
dame	0.435
danger	0.6817
danse	0.73
danseuse	0.7017
dard	0.2433
datte	0.455
débutante	0.5167
décanat	0.0433
décimale	0.4583
décor	0.53
décoratrice	0.435
découpage	0.365
dédain	0.2483
dédicace	0.0867
défaite	0.4917
défaut	0.685
défectuosité	0.3417
défense	0.6183
déficience	0.3983
degré	0.69
délice	0.3717
délinquante	0.465
démarreur	0.2333
demoiselle	0.59
démonstratrice	0.3267
dentiste	0.5667
départ	0.6733
déplacement	0.5817
déploiement	0.1933
descente	0.465
désert	0.5033
déserteur	0.23
désespoir	0.39
désordre	0.56
dessert	0.8317
dessin	0.605
dessinateur	0.3433
dessinatrice	0.315
détachement	0.36
détail	0.6883
détaillant	0.4
détenu	0.4233
détergent	0.4767
dévouement	0.4283
dialogue	0.485
diamant	0.5417
dictionnaire	0.7633
différence	0.7417
dimension	0.4617
diminution	0.5017
directeur	0.6
directrice	0.595
dirigeant	0.4217
discours	0.5383
distributeur	0.4633
divan	0.5733
dizaine	0.5317
doctorat	0.5183
domaine	0.5267
dominatrice	0.3483
dommage	0.63
donjon	0.1117
dos	0.7583
dossier	0.6383
douleur	0.6583
doute	0.6367
doyen	0.26
dragon	0.2783
droite	0.8717
droitier	0.6667
duperie	0.0483
eau	0.9417
écho	0.3883
écluse	0.175
écran	0.6483
écrin	0.1183
écriteau	0.2867
écriture	0.6733
éducation	0.8
effet	0.6383
effort	0.7483
élection	0.6333
électricité	0.705
endroit	0.7033
enfance	0.6117
engrais	0.4717
enquête	0.5133
enregistrement	0.535
enregistreur	0.3933
enseignante	0.67
enseignement	0.74
enterrement	0.4667
entrée	0.7517
envie	0.6517
environnement	0.7867
environs	0.6267
épaulette	0.5033
épice	0.63
équipe	0.6933
escabeau	0.48
esclavage	0.3183
espace	0.5867
espèce	0.5733
esprit	0.5867
esquisse	0.1717
estomac	0.6767
étage	0.7417
étalage	0.3467
état	0.5667
éternité	0.445
étiquette	0.605
étude	0.8933
étudiant	0.915
étudiante	0.8767
évolution	0.5517
examen	0.8283
excuse	0.7983
exemple	0.85
exercice	0.8317
expérience	0.7483
expérimentateur	0.3283
explication	0.745
extincteur	0.3817
extrémité	0.5283
fabricant	0.4667
façade	0.2767
facilité	0.7067
facteur	0.5633
faiblesse	0.52
falaise	0.3333
fanal	0.235
fardeau	0.305
farfadet	0.0233
farine	0.7083
fatigue	0.8317
fauteuil	0.6883
femmelette	0.2033
fer	0.5383
ferme	0.57
fermier	0.5467
fermière	0.3933
feuille	0.82
fiche	0.49
figurine	0.215
filet	0.5183
fillette	0.3783
filtre	0.435
finissante	0.5717
flanelle	0.2933
flatteur	0.3017
flocon	0.5767
flotteur	0.2217
fois	0.8417
folklore	0.2633
fonction	0.635
fonctionnement	0.5317
fond	0.5783
fondateur	0.3917
fondatrice	0.2967
fondue	0.5333
fontaine	0.475
forgeron	0.285
formation	0.505
forme	0.675
fortune	0.5333
fou	0.7017
fourmilière	0.2267
fournaise	0.66
foyer	0.5867
fragment	0.2317
fraise	0.72
fraudeur	0.3283
frère	0.8133
froid	0.8867
front	0.5917
frontière	0.5583
frousse	0.25
fumée	0.685
fumeur	0.7567
fumeuse	0.62
fuyard	0.1517
gag	0.2367
gagnant	0.7517
gaillard	0.1567
galle	0.2883
gamine	0.2667
gant	0.7867
garçonnet	0.2433
gardienne	0.6883
gazon	0.5217
géant	0.4667
générosité	0.5717
genre	0.615
géométrie	0.4217
gérant	0.6517
geste	0.5717
gibecière	0.0217
gicleur	0.0983
gitane	0.1617
glace	0.715
gobelet	0.2533
godasse	0.0817
gorge	0.6667
gosier	0.1383
goulot	0.1317
gourmande	0.5367
gouttière	0.3283
gouvernement	0.7567
gouverneur	0.5117
grain	0.5567
graine	0.6283
grand-mère	0.6967
grand-père	0.66
grand-route	0.375
grelot	0.2767
grenier	0.5133
gribouillis	0.1567
guérison	0.4217
guerrier	0.385
guirlande	0.46
gymnastique	0.4933
habitant	0.5683
haricot	0.3867
harpon	0.14
hauteur	0.6467
haut-parleur	0.455
hélicoptère	0.445
héritière	0.355
heure	0.9467
historien	0.4417
hiver	0.86
homme	0.9067
homosexuelle	0.6433
honnêteté	0.5983
horaire	0.8033
hôtel	0.6667
huile	0.69
humanisme	0.3083
humidité	0.6083
hypnose	0.3417
hypnotiseur	0.355
idéal	0.5983
idée	0.8417
illusion	0.4817
imagination	0.6833
importance	0.7667
inconscient	0.57
indépendance	0.6967
infini	0.56
infirmerie	0.475
infirmière	0.7117
information	0.79
injustice	0.5967
institution	0.5183
intention	0.5983
interrupteur	0.2933
intestin	0.5567
ire	0.04
jalousie	0.6617
jante	0.0517
jaquette	0.6433
jarretière	0.24
jatte	0.0417
jeu	0.7283
joie	0.7167
jongleur	0.3167
jour	0.9133
journée	0.8817
juge	0.5767
jugement	0.6083
jumeau	0.6017
jungle	0.34
justicier	0.2367
kilomètre	0.7117
labeur	0.1717
laboureur	0.3333
lac	0.6583
lacet	0.5033
lâcheuse	0.38
lait	0.91
laitue	0.6583
langage	0.7567
langue	0.7233
lanière	0.1567
laquais	0.0533
larron	0.055
laveuse	0.7317
lectrice	0.415
lendemain	0.665
libérale	0.65
librairie	0.6683
licence	0.67
lieu	0.6017
lieutenant	0.395
linge	0.8783
littérature	0.505
livreuse	0.3233
logicien	0.1283
logique	0.6217
loi	0.7833
machin	0.2433
mâchoire	0.5667
madame	0.8317
mademoiselle	0.7067
madrier	0.2083
magicien	0.4683
maillot	0.535
maître	0.4983
mal	0.8283
manière	0.7267
manque	0.735
mansarde	0.055
manteau	0.8433
marchand	0.3267
marchande	0.36
maréchale	0.115
margelle	0.0517
marginal	0.3567
marguillier	0.0817
marin	0.41
marionnette	0.2783
marquise	0.1483
marraine	0.585
masque	0.4717
massue	0.1383
matelot	0.3233
matériel	0.63
mathématicienne	0.2633
matière	0.6517
matin	0.835
maximum	0.73
mayonnaise	0.7033
mécanicien	0.5617
mécanisme	0.5267
médiateur	0.275
médicament	0.6583
mélodie	0.375
membre	0.7233
mémoire	0.795
ménagère	0.5117
mendiant	0.385
mentalité	0.54
menteuse	0.6467
menuisier	0.37
mère	0.915
métal	0.6333
métaphysique	0.14
métier	0.6017
mètre	0.685
métro	0.4283
meurtrier	0.5017
mexicain	0.4367
micro	0.5083
migraine	0.6117
milliard	0.4533
millier	0.515
million	0.7167
mineur	0.55
minimum	0.7
minute	0.8867
misère	0.5917
mitaine	0.7167
modèle	0.6467
moineau	0.365
mois	0.8383
moitié	0.7317
moment	0.7
monceau	0.05
monde	0.8383
monitrice	0.5517
monsieur	0.875
montagnard	0.155
montagnarde	0.1683
morphine	0.4283
mouchoir	0.5767
moutarde	0.7167
muscle	0.7533
musicienne	0.6417
musique	0.8633
nageuse	0.5883
naissance	0.6567
narine	0.535
narrateur	0.3567
nature	0.6933
négociateur	0.3533
neige	0.8117
néon	0.27
noisetier	0.1267
nom	0.8983
nombre	0.7383
nostalgie	0.2217
notaire	0.4183
nuit	0.83
observateur	0.545
occupation	0.5933
oeillet	0.305
omelette	0.6967
opération	0.605
option	0.5483
orage	0.5233
oreille	0.68
oreillette	0.1867
organe	0.595
originalité	0.565
oursin	0.1517
ouvrier	0.505
paillasson	0.0917
paix	0.7217
palette	0.3883
panais	0.1033
panier	0.6517
panique	0.6617
pantalon	0.76
pantin	0.1733
papier	0.8667
paquebot	0.2033
paradis	0.4683
parchemin	0.2067
parent	0.8967
parleur	0.4417
parole	0.685
parquet	0.2417
parrain	0.5733
participante	0.5933
partisane	0.2333
partition	0.21
passé	0.6933
passerelle	0.335
pasteur	0.3033
patineuse	0.5617
pâtissier	0.3783
patronne	0.57
pauvreté	0.6467
pavé	0.435
pays	0.765
paysage	0.5383
paysanne	0.2767
peau	0.74
péché	0.46
pédale	0.5817
peinture	0.5367
pèlerin	0.1417
pendaison	0.2133
pensée	0.6867
penseur	0.4433
pente	0.595
perceuse	0.2617
père	0.89
période	0.7117
personnage	0.57
peuplier	0.3133
peur	0.8083
pharaon	0.1217
pharmacie	0.7017
pharmacien	0.5283
pharmacienne	0.3467
phénomène	0.5
philosophie	0.5733
photographe	0.5817
phrase	0.7083
pièce	0.69
piéton	0.6383
pigeon	0.4917
pigeonnier	0.1883
pile	0.515
pionnière	0.225
piscine	0.7783
placard	0.3517
plafond	0.6633
plage	0.6267
plainte	0.5767
plaisir	0.7733
plan	0.6967
planche	0.55
plancher	0.765
planète	0.5483
plant	0.4383
plante	0.7783
plat	0.6683
plateau	0.4917
plombier	0.5767
plongeuse	0.3733
poche	0.7517
poêle	0.7067
poème	0.475
poète	0.4
poignet	0.645
poinçonneuse	0.275
point	0.7333
pois	0.6633
police	0.7733
policier	0.7683
politicien	0.745
polonaise	0.2433
poltronne	0.065
pommier	0.4867
pompier	0.6967
pont	0.5867
portefeuille	0.715
portemanteau	0.2833
porteuse	0.3517
portière	0.2767
portugais	0.3483
possession	0.5383
posture	0.4483
poteau	0.5883
potion	0.2017
poubelle	0.7583
pouce	0.65
poudreuse	0.2917
poupée	0.545
poussière	0.6683
praticien	0.2733
pratiquant	0.4367
pratique	0.6817
précepteur	0.1617
prêcheur	0.27
prédicateur	0.1883
prénom	0.6567
présence	0.63
présidente	0.56
prêtre	0.49
prévision	0.5117
printemps	0.68
prise	0.4717
prison	0.5317
prisonnier	0.5067
prisonnière	0.4783
problème	0.8317
productrice	0.4083
profession	0.6517
professionnel	0.775
profit	0.66
profondeur	0.565
programme	0.7533
projecteur	0.5367
projet	0.72
promenade	0.5167
propreté	0.7183
propriété	0.6083
protection	0.6467
protestante	0.37
provocation	0.4517
prunelle	0.2083
public	0.745
publicité	0.7133
pull	0.2533
punaise	0.3717
pureté	0.5033
puritaine	0.1183
pyjama	0.7067
quadrant	0.4483
quart	0.605
quartier	0.49
questionnaire	0.6417
queue	0.595
rabbin	0.0617
radiateur	0.3267
radis	0.5383
rage	0.4567
raisonnement	0.5817
rameur	0.2983
rang	0.5767
rapidité	0.64
raquette	0.5767
ravisseur	0.2317
réalisateur	0.5717
récepteur	0.4283
receveur	0.4267
record	0.5383
récréation	0.4683
rectangle	0.535
rédacteur	0.4583
réduction	0.56
regard	0.62
régime	0.535
régulateur	0.235
reine	0.42
relation	0.6883
religieuse	0.4867
remarque	0.6383
remède	0.5967
réponse	0.8133
représentante	0.5883
représentation	0.5317
résidente	0.5033
résistance	0.4717
respect	0.7333
responsabilité	0.7767
résultat	0.7583
retraite	0.5667
réunion	0.7
réussite	0.6483
rêve	0.815
revenu	0.6733
rêveuse	0.5667
rhétoricien	0.065
richesse	0.5067
rire	0.8133
rivage	0.2483
rivière	0.63
roi	0.4317
roman	0.5617
romancière	0.3767
rond	0.6467
roseau	0.2133
rosier	0.4067
roulette	0.495
rue	0.8617
sabot	0.29
saint	0.5017
sainte	0.4433
salade	0.7633
salaire	0.8033
salaud	0.3917
saleté	0.6567
salle	0.6833
salope	0.2933
samedi	0.895
sandale	0.5283
santé	0.835
satin	0.4917
satisfaction	0.585
sauveteur	0.4417
savant	0.475
savon	0.8417
saxophone	0.2917
scélérat	0.0917
scène	0.4683
sculpteur	0.475
séance	0.365
seconde	0.78
secteur	0.4567
sécurité	0.6483
séductrice	0.3683
semaine	0.9067
sensation	0.6167
sentier	0.41
sergent	0.38
série	0.5417
serrure	0.4633
servante	0.5467
service	0.72
serviette	0.7883
sexualité	0.7317
siècle	0.4867
sifflet	0.4133
signe	0.685
signification	0.5983
silence	0.7483
ski	0.7183
skieur	0.645
slip	0.21
sobriquet	0.195
société	0.705
soeur	0.8067
soirée	0.85
soldat	0.5917
solliciteur	0.27
sommet	0.4717
sorcière	0.4467
sotte	0.24
souci	0.38
souffrance	0.4317
soûlard	0.2167
souper	0.89
souvenir	0.7417
spectatrice	0.4217
statue	0.51
statuette	0.3417
style	0.6917
successeur	0.35
suédoise	0.2733
sueur	0.605
suite	0.6317
sultan	0.0933
suppléante	0.43
surface	0.535
surveillante	0.49
symbole	0.6017
système	0.7183
tabac	0.53
tableau	0.7433
tablier	0.62
tabouret	0.36
tâche	0.6067
taillis	0.0667
tambourin	0.155
tapage	0.4267
tapageur	0.1217
tapis	0.77
tartine	0.2583
taverne	0.455
télévision	0.8767
témoin	0.58
tentative	0.43
terrain	0.6967
terre	0.7067
territoire	0.4967
texte	0.7067
théâtre	0.675
théoricienne	0.245
théorie	0.6467
tisserand	0.1217
tissu	0.5833
toilette	0.9067
toit	0.575
tondeuse	0.4133
torpilleur	0.0767
tort	0.5417
tracteur	0.4617
traducteur	0.52
train	0.6983
traîneau	0.5
trajet	0.4817
travail	0.9383
trayeuse	0.1333
tremplin	0.4167
trésorier	0.3733
tréteau	0.0333
tripe	0.3033
trou	0.6717
troupe	0.4833
truand	0.0917
tueur	0.445
tueuse	0.33
tuteur	0.375
tuyau	0.525
typologie	0.08
tyran	0.1733
unité	0.615
univers	0.4483
université	0.9017
usine	0.5883
utilité	0.5667
vainqueur	0.475
vaisselle	0.8167
valet	0.2917
vaurien	0.32
vautour	0.2083
végétarienne	0.5233
veilleuse	0.3483
vendeuse	0.6883
vent	0.7317
ventilateur	0.3283
verre	0.8
vertige	0.4983
vêtement	0.7483
vétéran	0.3867
vidangeur	0.35
vigneron	0.1433
village	0.59
villageois	0.3133
ville	0.8133
vinaigre	0.6083
visière	0.2767
vision	0.5533
visiteur	0.705
vitrine	0.5983
vocabulaire	0.62
voie	0.505
voisine	0.8117
voiture	0.7467
vol	0.6067
volant	0.5267
voleur	0.63
voleuse	0.5433
voyage	0.77
week-end	0.845
whisky	0.415
zéro	0.7117